day,sunshine_duration,precipitation_hours,wind_speed,years_since_2010,prediction
18,0.0,20.57142857142857,10.912244897959184,16,1.4968755772005773
18,0.0,21.06122448979592,10.912244897959184,16,1.4968755772005773
18,0.0,21.551020408163264,12.781632653061225,16,1.487347243867244
18,0.0,21.551020408163264,13.716326530612244,16,1.4851758152958154
18,0.0,22.04081632653061,12.781632653061225,16,1.487347243867244
18,0.0,22.04081632653061,13.716326530612244,16,1.4851758152958154
18,0.0,22.53061224489796,13.716326530612244,16,1.4945011327561333
18,0.0,23.020408163265305,13.716326530612244,16,1.4945011327561333
18,860.185918367347,20.57142857142857,10.912244897959184,16,1.4968755772005773
18,860.185918367347,21.06122448979592,10.912244897959184,16,1.4968755772005773
18,860.185918367347,21.551020408163264,12.781632653061225,16,1.487347243867244
18,860.185918367347,21.551020408163264,13.716326530612244,16,1.4851758152958154
18,860.185918367347,22.04081632653061,12.781632653061225,16,1.487347243867244
18,860.185918367347,22.04081632653061,13.716326530612244,16,1.4851758152958154
18,860.185918367347,22.53061224489796,13.716326530612244,16,1.4945011327561333
18,860.185918367347,23.020408163265305,13.716326530612244,16,1.4945011327561333
18,1720.371836734694,20.57142857142857,10.912244897959184,16,1.4968755772005773
18,1720.371836734694,21.06122448979592,10.912244897959184,16,1.4968755772005773
18,1720.371836734694,21.551020408163264,12.781632653061225,16,1.487347243867244
18,1720.371836734694,21.551020408163264,13.716326530612244,16,1.4851758152958154
18,1720.371836734694,22.04081632653061,12.781632653061225,16,1.487347243867244
18,1720.371836734694,22.04081632653061,13.716326530612244,16,1.4851758152958154
18,1720.371836734694,22.53061224489796,13.716326530612244,16,1.4945011327561333
18,1720.371836734694,23.020408163265305,13.716326530612244,16,1.4945011327561333
18,2580.557755102041,20.57142857142857,10.912244897959184,16,1.4968755772005773
18,2580.557755102041,21.06122448979592,10.912244897959184,16,1.4968755772005773
18,2580.557755102041,21.551020408163264,12.781632653061225,16,1.487347243867244
18,2580.557755102041,21.551020408163264,13.716326530612244,16,1.4851758152958154
18,2580.557755102041,22.04081632653061,12.781632653061225,16,1.487347243867244
18,2580.557755102041,22.04081632653061,13.716326530612244,16,1.4851758152958154
18,2580.557755102041,22.53061224489796,13.716326530612244,16,1.4945011327561333
18,2580.557755102041,23.020408163265305,13.716326530612244,16,1.4945011327561333
18,3440.743673469388,20.57142857142857,10.912244897959184,16,1.4968755772005773
18,3440.743673469388,21.06122448979592,10.912244897959184,16,1.4968755772005773
18,3440.743673469388,21.551020408163264,12.781632653061225,16,1.487347243867244
18,3440.743673469388,21.551020408163264,13.716326530612244,16,1.4851758152958154
18,3440.743673469388,22.04081632653061,12.781632653061225,16,1.487347243867244
18,3440.743673469388,22.04081632653061,13.716326530612244,16,1.4851758152958154
18,3440.743673469388,22.53061224489796,13.716326530612244,16,1.4945011327561333
18,3440.743673469388,23.020408163265305,13.716326530612244,16,1.4945011327561333
18,4300.929591836735,20.57142857142857,10.912244897959184,16,1.4968755772005773
18,4300.929591836735,21.06122448979592,10.912244897959184,16,1.4968755772005773
18,4300.929591836735,21.551020408163264,12.781632653061225,16,1.487347243867244
18,4300.929591836735,21.551020408163264,13.716326530612244,16,1.4851758152958154
18,4300.929591836735,22.04081632653061,12.781632653061225,16,1.487347243867244
18,4300.929591836735,22.04081632653061,13.716326530612244,16,1.4851758152958154
18,4300.929591836735,22.53061224489796,13.716326530612244,16,1.4945011327561333
18,4300.929591836735,23.020408163265305,13.716326530612244,16,1.4945011327561333
18,5161.115510204082,20.57142857142857,10.912244897959184,16,1.4968755772005773
18,5161.115510204082,21.06122448979592,10.912244897959184,16,1.4968755772005773
18,5161.115510204082,21.551020408163264,12.781632653061225,16,1.487347243867244
18,5161.115510204082,21.551020408163264,13.716326530612244,16,1.4851758152958154
18,5161.115510204082,22.04081632653061,12.781632653061225,16,1.487347243867244
18,5161.115510204082,22.04081632653061,13.716326530612244,16,1.4851758152958154
18,5161.115510204082,22.53061224489796,13.716326530612244,16,1.4945011327561333
18,5161.115510204082,23.020408163265305,13.716326530612244,16,1.4945011327561333
18,6021.301428571429,20.57142857142857,10.912244897959184,16,1.4968755772005773
18,6021.301428571429,21.06122448979592,10.912244897959184,16,1.4968755772005773
18,6021.301428571429,21.551020408163264,12.781632653061225,16,1.487347243867244
18,6021.301428571429,21.551020408163264,13.716326530612244,16,1.4851758152958154
18,6021.301428571429,22.04081632653061,12.781632653061225,16,1.487347243867244
18,6021.301428571429,22.04081632653061,13.716326530612244,16,1.4851758152958154
18,6021.301428571429,22.53061224489796,13.716326530612244,16,1.4945011327561333
18,6021.301428571429,23.020408163265305,13.716326530612244,16,1.4945011327561333
18,6881.487346938776,20.57142857142857,10.912244897959184,16,1.4968755772005773
18,6881.487346938776,21.06122448979592,10.912244897959184,16,1.4968755772005773
18,6881.487346938776,21.551020408163264,12.781632653061225,16,1.487347243867244
18,6881.487346938776,21.551020408163264,13.716326530612244,16,1.4851758152958154
18,6881.487346938776,22.04081632653061,12.781632653061225,16,1.487347243867244
18,6881.487346938776,22.04081632653061,13.716326530612244,16,1.4851758152958154
18,6881.487346938776,22.53061224489796,13.716326530612244,16,1.4945011327561333
18,6881.487346938776,23.020408163265305,13.716326530612244,16,1.4945011327561333
19,0.0,21.551020408163264,12.781632653061225,16,1.4826139105339107
19,0.0,21.551020408163264,13.716326530612244,16,1.4677139105339105
19,0.0,21.551020408163264,15.585714285714285,16,1.479533764013764
19,0.0,21.551020408163264,16.52040816326531,16,1.479533764013764
19,0.0,21.551020408163264,22.12857142857143,16,1.4909366211566215
19,0.0,21.551020408163264,23.99795918367347,16,1.4847368592518595
19,0.0,21.551020408163264,24.93265306122449,16,1.4567368592518593
19,0.0,21.551020408163264,25.86734693877551,16,1.4567368592518593
19,0.0,22.04081632653061,12.781632653061225,16,1.4826139105339107
19,0.0,22.04081632653061,13.716326530612244,16,1.4677139105339105
19,0.0,22.04081632653061,15.585714285714285,16,1.479533764013764
19,0.0,22.04081632653061,16.52040816326531,16,1.479533764013764
19,0.0,22.04081632653061,22.12857142857143,16,1.4909366211566215
19,0.0,22.04081632653061,23.99795918367347,16,1.4847368592518595
19,0.0,22.04081632653061,24.93265306122449,16,1.4567368592518593
19,0.0,22.04081632653061,25.86734693877551,16,1.4567368592518593
19,0.0,22.53061224489796,12.781632653061225,16,1.4851725613275617
19,0.0,22.53061224489796,13.716326530612244,16,1.422072561327561
19,0.0,22.53061224489796,14.651020408163266,16,1.4552725613275614
19,0.0,22.53061224489796,15.585714285714285,16,1.3825257481407482
19,0.0,22.53061224489796,16.52040816326531,16,1.3745257481407485
19,0.0,22.53061224489796,17.455102040816328,16,1.4573257481407487
19,0.0,22.53061224489796,19.324489795918367,16,1.484401938616939
19,0.0,22.53061224489796,20.259183673469387,16,1.4522686052836051
19,0.0,22.53061224489796,21.193877551020407,16,1.437208605283605
19,0.0,23.020408163265305,12.781632653061225,16,1.4851725613275617
19,0.0,23.020408163265305,13.716326530612244,16,1.422072561327561
19,0.0,23.020408163265305,14.651020408163266,16,1.4552725613275614
19,0.0,23.020408163265305,15.585714285714285,16,1.3825257481407482
19,0.0,23.020408163265305,16.52040816326531,16,1.3745257481407485
19,0.0,23.020408163265305,17.455102040816328,16,1.4573257481407487
19,0.0,23.020408163265305,19.324489795918367,16,1.484401938616939
19,0.0,23.020408163265305,20.259183673469387,16,1.4522686052836051
19,0.0,23.020408163265305,21.193877551020407,16,1.437208605283605
19,0.0,23.51020408163265,27.73673469387755,16,1.4875471830177847
19,0.0,23.51020408163265,28.67142857142857,16,1.4875471830177847
19,0.0,24.0,27.73673469387755,16,1.4875471830177847
19,0.0,24.0,28.67142857142857,16,1.4875471830177847
19,860.185918367347,21.551020408163264,12.781632653061225,16,1.4826139105339107
19,860.185918367347,21.551020408163264,13.716326530612244,16,1.4677139105339105
19,860.185918367347,21.551020408163264,15.585714285714285,16,1.479533764013764
19,860.185918367347,21.551020408163264,16.52040816326531,16,1.479533764013764
19,860.185918367347,21.551020408163264,22.12857142857143,16,1.4909366211566215
19,860.185918367347,21.551020408163264,23.99795918367347,16,1.4847368592518595
19,860.185918367347,21.551020408163264,24.93265306122449,16,1.4567368592518593
19,860.185918367347,21.551020408163264,25.86734693877551,16,1.4567368592518593
19,860.185918367347,22.04081632653061,12.781632653061225,16,1.4826139105339107
19,860.185918367347,22.04081632653061,13.716326530612244,16,1.4677139105339105
19,860.185918367347,22.04081632653061,15.585714285714285,16,1.479533764013764
19,860.185918367347,22.04081632653061,16.52040816326531,16,1.479533764013764
19,860.185918367347,22.04081632653061,22.12857142857143,16,1.4909366211566215
19,860.185918367347,22.04081632653061,23.99795918367347,16,1.4847368592518595
19,860.185918367347,22.04081632653061,24.93265306122449,16,1.4567368592518593
19,860.185918367347,22.04081632653061,25.86734693877551,16,1.4567368592518593
19,860.185918367347,22.53061224489796,12.781632653061225,16,1.4851725613275617
19,860.185918367347,22.53061224489796,13.716326530612244,16,1.422072561327561
19,860.185918367347,22.53061224489796,14.651020408163266,16,1.4552725613275614
19,860.185918367347,22.53061224489796,15.585714285714285,16,1.3825257481407482
19,860.185918367347,22.53061224489796,16.52040816326531,16,1.3745257481407485
19,860.185918367347,22.53061224489796,17.455102040816328,16,1.4573257481407487
19,860.185918367347,22.53061224489796,19.324489795918367,16,1.484401938616939
19,860.185918367347,22.53061224489796,20.259183673469387,16,1.4522686052836051
19,860.185918367347,22.53061224489796,21.193877551020407,16,1.437208605283605
19,860.185918367347,23.020408163265305,12.781632653061225,16,1.4851725613275617
19,860.185918367347,23.020408163265305,13.716326530612244,16,1.422072561327561
19,860.185918367347,23.020408163265305,14.651020408163266,16,1.4552725613275614
19,860.185918367347,23.020408163265305,15.585714285714285,16,1.3825257481407482
19,860.185918367347,23.020408163265305,16.52040816326531,16,1.3745257481407485
19,860.185918367347,23.020408163265305,17.455102040816328,16,1.4573257481407487
19,860.185918367347,23.020408163265305,19.324489795918367,16,1.484401938616939
19,860.185918367347,23.020408163265305,20.259183673469387,16,1.4522686052836051
19,860.185918367347,23.020408163265305,21.193877551020407,16,1.437208605283605
19,860.185918367347,23.51020408163265,27.73673469387755,16,1.4875471830177847
19,860.185918367347,23.51020408163265,28.67142857142857,16,1.4875471830177847
19,860.185918367347,24.0,27.73673469387755,16,1.4875471830177847
19,860.185918367347,24.0,28.67142857142857,16,1.4875471830177847
19,1720.371836734694,21.551020408163264,12.781632653061225,16,1.4826139105339107
19,1720.371836734694,21.551020408163264,13.716326530612244,16,1.4677139105339105
19,1720.371836734694,21.551020408163264,15.585714285714285,16,1.479533764013764
19,1720.371836734694,21.551020408163264,16.52040816326531,16,1.479533764013764
19,1720.371836734694,21.551020408163264,22.12857142857143,16,1.4909366211566215
19,1720.371836734694,21.551020408163264,23.99795918367347,16,1.4847368592518595
19,1720.371836734694,21.551020408163264,24.93265306122449,16,1.4567368592518593
19,1720.371836734694,21.551020408163264,25.86734693877551,16,1.4567368592518593
19,1720.371836734694,22.04081632653061,12.781632653061225,16,1.4826139105339107
19,1720.371836734694,22.04081632653061,13.716326530612244,16,1.4677139105339105
19,1720.371836734694,22.04081632653061,15.585714285714285,16,1.479533764013764
19,1720.371836734694,22.04081632653061,16.52040816326531,16,1.479533764013764
19,1720.371836734694,22.04081632653061,22.12857142857143,16,1.4909366211566215
19,1720.371836734694,22.04081632653061,23.99795918367347,16,1.4847368592518595
19,1720.371836734694,22.04081632653061,24.93265306122449,16,1.4567368592518593
19,1720.371836734694,22.04081632653061,25.86734693877551,16,1.4567368592518593
19,1720.371836734694,22.53061224489796,12.781632653061225,16,1.4851725613275617
19,1720.371836734694,22.53061224489796,13.716326530612244,16,1.422072561327561
19,1720.371836734694,22.53061224489796,14.651020408163266,16,1.4552725613275614
19,1720.371836734694,22.53061224489796,15.585714285714285,16,1.3825257481407482
19,1720.371836734694,22.53061224489796,16.52040816326531,16,1.3745257481407485
19,1720.371836734694,22.53061224489796,17.455102040816328,16,1.4573257481407487
19,1720.371836734694,22.53061224489796,19.324489795918367,16,1.484401938616939
19,1720.371836734694,22.53061224489796,20.259183673469387,16,1.4522686052836051
19,1720.371836734694,22.53061224489796,21.193877551020407,16,1.437208605283605
19,1720.371836734694,23.020408163265305,12.781632653061225,16,1.4851725613275617
19,1720.371836734694,23.020408163265305,13.716326530612244,16,1.422072561327561
19,1720.371836734694,23.020408163265305,14.651020408163266,16,1.4552725613275614
19,1720.371836734694,23.020408163265305,15.585714285714285,16,1.3825257481407482
19,1720.371836734694,23.020408163265305,16.52040816326531,16,1.3745257481407485
19,1720.371836734694,23.020408163265305,17.455102040816328,16,1.4573257481407487
19,1720.371836734694,23.020408163265305,19.324489795918367,16,1.484401938616939
19,1720.371836734694,23.020408163265305,20.259183673469387,16,1.4522686052836051
19,1720.371836734694,23.020408163265305,21.193877551020407,16,1.437208605283605
19,1720.371836734694,23.51020408163265,27.73673469387755,16,1.4875471830177847
19,1720.371836734694,23.51020408163265,28.67142857142857,16,1.4875471830177847
19,1720.371836734694,24.0,27.73673469387755,16,1.4875471830177847
19,1720.371836734694,24.0,28.67142857142857,16,1.4875471830177847
19,2580.557755102041,21.551020408163264,12.781632653061225,16,1.4826139105339107
19,2580.557755102041,21.551020408163264,13.716326530612244,16,1.4677139105339105
19,2580.557755102041,21.551020408163264,15.585714285714285,16,1.479533764013764
19,2580.557755102041,21.551020408163264,16.52040816326531,16,1.479533764013764
19,2580.557755102041,21.551020408163264,22.12857142857143,16,1.4909366211566215
19,2580.557755102041,21.551020408163264,23.99795918367347,16,1.4847368592518595
19,2580.557755102041,21.551020408163264,24.93265306122449,16,1.4567368592518593
19,2580.557755102041,21.551020408163264,25.86734693877551,16,1.4567368592518593
19,2580.557755102041,22.04081632653061,12.781632653061225,16,1.4826139105339107
19,2580.557755102041,22.04081632653061,13.716326530612244,16,1.4677139105339105
19,2580.557755102041,22.04081632653061,15.585714285714285,16,1.479533764013764
19,2580.557755102041,22.04081632653061,16.52040816326531,16,1.479533764013764
19,2580.557755102041,22.04081632653061,22.12857142857143,16,1.4909366211566215
19,2580.557755102041,22.04081632653061,23.99795918367347,16,1.4847368592518595
19,2580.557755102041,22.04081632653061,24.93265306122449,16,1.4567368592518593
19,2580.557755102041,22.04081632653061,25.86734693877551,16,1.4567368592518593
19,2580.557755102041,22.53061224489796,12.781632653061225,16,1.4851725613275617
19,2580.557755102041,22.53061224489796,13.716326530612244,16,1.422072561327561
19,2580.557755102041,22.53061224489796,14.651020408163266,16,1.4552725613275614
19,2580.557755102041,22.53061224489796,15.585714285714285,16,1.3825257481407482
19,2580.557755102041,22.53061224489796,16.52040816326531,16,1.3745257481407485
19,2580.557755102041,22.53061224489796,17.455102040816328,16,1.4573257481407487
19,2580.557755102041,22.53061224489796,19.324489795918367,16,1.484401938616939
19,2580.557755102041,22.53061224489796,20.259183673469387,16,1.4522686052836051
19,2580.557755102041,22.53061224489796,21.193877551020407,16,1.437208605283605
19,2580.557755102041,23.020408163265305,12.781632653061225,16,1.4851725613275617
19,2580.557755102041,23.020408163265305,13.716326530612244,16,1.422072561327561
19,2580.557755102041,23.020408163265305,14.651020408163266,16,1.4552725613275614
19,2580.557755102041,23.020408163265305,15.585714285714285,16,1.3825257481407482
19,2580.557755102041,23.020408163265305,16.52040816326531,16,1.3745257481407485
19,2580.557755102041,23.020408163265305,17.455102040816328,16,1.4573257481407487
19,2580.557755102041,23.020408163265305,19.324489795918367,16,1.484401938616939
19,2580.557755102041,23.020408163265305,20.259183673469387,16,1.4522686052836051
19,2580.557755102041,23.020408163265305,21.193877551020407,16,1.437208605283605
19,2580.557755102041,23.51020408163265,27.73673469387755,16,1.4875471830177847
19,2580.557755102041,23.51020408163265,28.67142857142857,16,1.4875471830177847
19,2580.557755102041,24.0,27.73673469387755,16,1.4875471830177847
19,2580.557755102041,24.0,28.67142857142857,16,1.4875471830177847
19,3440.743673469388,21.551020408163264,12.781632653061225,16,1.4826139105339107
19,3440.743673469388,21.551020408163264,13.716326530612244,16,1.4677139105339105
19,3440.743673469388,21.551020408163264,15.585714285714285,16,1.479533764013764
19,3440.743673469388,21.551020408163264,16.52040816326531,16,1.479533764013764
19,3440.743673469388,21.551020408163264,22.12857142857143,16,1.4909366211566215
19,3440.743673469388,21.551020408163264,23.99795918367347,16,1.4847368592518595
19,3440.743673469388,21.551020408163264,24.93265306122449,16,1.4567368592518593
19,3440.743673469388,21.551020408163264,25.86734693877551,16,1.4567368592518593
19,3440.743673469388,22.04081632653061,12.781632653061225,16,1.4826139105339107
19,3440.743673469388,22.04081632653061,13.716326530612244,16,1.4677139105339105
19,3440.743673469388,22.04081632653061,15.585714285714285,16,1.479533764013764
19,3440.743673469388,22.04081632653061,16.52040816326531,16,1.479533764013764
19,3440.743673469388,22.04081632653061,22.12857142857143,16,1.4909366211566215
19,3440.743673469388,22.04081632653061,23.99795918367347,16,1.4847368592518595
19,3440.743673469388,22.04081632653061,24.93265306122449,16,1.4567368592518593
19,3440.743673469388,22.04081632653061,25.86734693877551,16,1.4567368592518593
19,3440.743673469388,22.53061224489796,12.781632653061225,16,1.4851725613275617
19,3440.743673469388,22.53061224489796,13.716326530612244,16,1.422072561327561
19,3440.743673469388,22.53061224489796,14.651020408163266,16,1.4552725613275614
19,3440.743673469388,22.53061224489796,15.585714285714285,16,1.3825257481407482
19,3440.743673469388,22.53061224489796,16.52040816326531,16,1.3745257481407485
19,3440.743673469388,22.53061224489796,17.455102040816328,16,1.4573257481407487
19,3440.743673469388,22.53061224489796,19.324489795918367,16,1.484401938616939
19,3440.743673469388,22.53061224489796,20.259183673469387,16,1.4522686052836051
19,3440.743673469388,22.53061224489796,21.193877551020407,16,1.437208605283605
19,3440.743673469388,23.020408163265305,12.781632653061225,16,1.4851725613275617
19,3440.743673469388,23.020408163265305,13.716326530612244,16,1.422072561327561
19,3440.743673469388,23.020408163265305,14.651020408163266,16,1.4552725613275614
19,3440.743673469388,23.020408163265305,15.585714285714285,16,1.3825257481407482
19,3440.743673469388,23.020408163265305,16.52040816326531,16,1.3745257481407485
19,3440.743673469388,23.020408163265305,17.455102040816328,16,1.4573257481407487
19,3440.743673469388,23.020408163265305,19.324489795918367,16,1.484401938616939
19,3440.743673469388,23.020408163265305,20.259183673469387,16,1.4522686052836051
19,3440.743673469388,23.020408163265305,21.193877551020407,16,1.437208605283605
19,3440.743673469388,23.51020408163265,27.73673469387755,16,1.4875471830177847
19,3440.743673469388,23.51020408163265,28.67142857142857,16,1.4875471830177847
19,3440.743673469388,24.0,27.73673469387755,16,1.4875471830177847
19,3440.743673469388,24.0,28.67142857142857,16,1.4875471830177847
19,4300.929591836735,21.551020408163264,12.781632653061225,16,1.4826139105339107
19,4300.929591836735,21.551020408163264,13.716326530612244,16,1.4677139105339105
19,4300.929591836735,21.551020408163264,15.585714285714285,16,1.479533764013764
19,4300.929591836735,21.551020408163264,16.52040816326531,16,1.479533764013764
19,4300.929591836735,21.551020408163264,22.12857142857143,16,1.4909366211566215
19,4300.929591836735,21.551020408163264,23.99795918367347,16,1.4847368592518595
19,4300.929591836735,21.551020408163264,24.93265306122449,16,1.4567368592518593
19,4300.929591836735,21.551020408163264,25.86734693877551,16,1.4567368592518593
19,4300.929591836735,22.04081632653061,12.781632653061225,16,1.4826139105339107
19,4300.929591836735,22.04081632653061,13.716326530612244,16,1.4677139105339105
19,4300.929591836735,22.04081632653061,15.585714285714285,16,1.479533764013764
19,4300.929591836735,22.04081632653061,16.52040816326531,16,1.479533764013764
19,4300.929591836735,22.04081632653061,22.12857142857143,16,1.4909366211566215
19,4300.929591836735,22.04081632653061,23.99795918367347,16,1.4847368592518595
19,4300.929591836735,22.04081632653061,24.93265306122449,16,1.4567368592518593
19,4300.929591836735,22.04081632653061,25.86734693877551,16,1.4567368592518593
19,4300.929591836735,22.53061224489796,12.781632653061225,16,1.4851725613275617
19,4300.929591836735,22.53061224489796,13.716326530612244,16,1.422072561327561
19,4300.929591836735,22.53061224489796,14.651020408163266,16,1.4552725613275614
19,4300.929591836735,22.53061224489796,15.585714285714285,16,1.3825257481407482
19,4300.929591836735,22.53061224489796,16.52040816326531,16,1.3745257481407485
19,4300.929591836735,22.53061224489796,17.455102040816328,16,1.4573257481407487
19,4300.929591836735,22.53061224489796,19.324489795918367,16,1.484401938616939
19,4300.929591836735,22.53061224489796,20.259183673469387,16,1.4522686052836051
19,4300.929591836735,22.53061224489796,21.193877551020407,16,1.437208605283605
19,4300.929591836735,23.020408163265305,12.781632653061225,16,1.4851725613275617
19,4300.929591836735,23.020408163265305,13.716326530612244,16,1.422072561327561
19,4300.929591836735,23.020408163265305,14.651020408163266,16,1.4552725613275614
19,4300.929591836735,23.020408163265305,15.585714285714285,16,1.3825257481407482
19,4300.929591836735,23.020408163265305,16.52040816326531,16,1.3745257481407485
19,4300.929591836735,23.020408163265305,17.455102040816328,16,1.4573257481407487
19,4300.929591836735,23.020408163265305,19.324489795918367,16,1.484401938616939
19,4300.929591836735,23.020408163265305,20.259183673469387,16,1.4522686052836051
19,4300.929591836735,23.020408163265305,21.193877551020407,16,1.437208605283605
19,4300.929591836735,23.51020408163265,27.73673469387755,16,1.4875471830177847
19,4300.929591836735,23.51020408163265,28.67142857142857,16,1.4875471830177847
19,4300.929591836735,24.0,27.73673469387755,16,1.4875471830177847
19,4300.929591836735,24.0,28.67142857142857,16,1.4875471830177847
19,5161.115510204082,21.551020408163264,12.781632653061225,16,1.4826139105339107
19,5161.115510204082,21.551020408163264,13.716326530612244,16,1.4677139105339105
19,5161.115510204082,21.551020408163264,15.585714285714285,16,1.479533764013764
19,5161.115510204082,21.551020408163264,16.52040816326531,16,1.479533764013764
19,5161.115510204082,21.551020408163264,22.12857142857143,16,1.4909366211566215
19,5161.115510204082,21.551020408163264,23.99795918367347,16,1.4847368592518595
19,5161.115510204082,21.551020408163264,24.93265306122449,16,1.4567368592518593
19,5161.115510204082,21.551020408163264,25.86734693877551,16,1.4567368592518593
19,5161.115510204082,22.04081632653061,12.781632653061225,16,1.4826139105339107
19,5161.115510204082,22.04081632653061,13.716326530612244,16,1.4677139105339105
19,5161.115510204082,22.04081632653061,15.585714285714285,16,1.479533764013764
19,5161.115510204082,22.04081632653061,16.52040816326531,16,1.479533764013764
19,5161.115510204082,22.04081632653061,22.12857142857143,16,1.4909366211566215
19,5161.115510204082,22.04081632653061,23.99795918367347,16,1.4847368592518595
19,5161.115510204082,22.04081632653061,24.93265306122449,16,1.4567368592518593
19,5161.115510204082,22.04081632653061,25.86734693877551,16,1.4567368592518593
19,5161.115510204082,22.53061224489796,12.781632653061225,16,1.4851725613275617
19,5161.115510204082,22.53061224489796,13.716326530612244,16,1.422072561327561
19,5161.115510204082,22.53061224489796,14.651020408163266,16,1.4552725613275614
19,5161.115510204082,22.53061224489796,15.585714285714285,16,1.3825257481407482
19,5161.115510204082,22.53061224489796,16.52040816326531,16,1.3745257481407485
19,5161.115510204082,22.53061224489796,17.455102040816328,16,1.4573257481407487
19,5161.115510204082,22.53061224489796,19.324489795918367,16,1.484401938616939
19,5161.115510204082,22.53061224489796,20.259183673469387,16,1.4522686052836051
19,5161.115510204082,22.53061224489796,21.193877551020407,16,1.437208605283605
19,5161.115510204082,23.020408163265305,12.781632653061225,16,1.4851725613275617
19,5161.115510204082,23.020408163265305,13.716326530612244,16,1.422072561327561
19,5161.115510204082,23.020408163265305,14.651020408163266,16,1.4552725613275614
19,5161.115510204082,23.020408163265305,15.585714285714285,16,1.3825257481407482
19,5161.115510204082,23.020408163265305,16.52040816326531,16,1.3745257481407485
19,5161.115510204082,23.020408163265305,17.455102040816328,16,1.4573257481407487
19,5161.115510204082,23.020408163265305,19.324489795918367,16,1.484401938616939
19,5161.115510204082,23.020408163265305,20.259183673469387,16,1.4522686052836051
19,5161.115510204082,23.020408163265305,21.193877551020407,16,1.437208605283605
19,5161.115510204082,23.51020408163265,27.73673469387755,16,1.4875471830177847
19,5161.115510204082,23.51020408163265,28.67142857142857,16,1.4875471830177847
19,5161.115510204082,24.0,27.73673469387755,16,1.4875471830177847
19,5161.115510204082,24.0,28.67142857142857,16,1.4875471830177847
19,6021.301428571429,21.551020408163264,12.781632653061225,16,1.4826139105339107
19,6021.301428571429,21.551020408163264,13.716326530612244,16,1.4677139105339105
19,6021.301428571429,21.551020408163264,15.585714285714285,16,1.479533764013764
19,6021.301428571429,21.551020408163264,16.52040816326531,16,1.479533764013764
19,6021.301428571429,21.551020408163264,22.12857142857143,16,1.4909366211566215
19,6021.301428571429,21.551020408163264,23.99795918367347,16,1.4847368592518595
19,6021.301428571429,21.551020408163264,24.93265306122449,16,1.4567368592518593
19,6021.301428571429,21.551020408163264,25.86734693877551,16,1.4567368592518593
19,6021.301428571429,22.04081632653061,12.781632653061225,16,1.4826139105339107
19,6021.301428571429,22.04081632653061,13.716326530612244,16,1.4677139105339105
19,6021.301428571429,22.04081632653061,15.585714285714285,16,1.479533764013764
19,6021.301428571429,22.04081632653061,16.52040816326531,16,1.479533764013764
19,6021.301428571429,22.04081632653061,22.12857142857143,16,1.4909366211566215
19,6021.301428571429,22.04081632653061,23.99795918367347,16,1.4847368592518595
19,6021.301428571429,22.04081632653061,24.93265306122449,16,1.4567368592518593
19,6021.301428571429,22.04081632653061,25.86734693877551,16,1.4567368592518593
19,6021.301428571429,22.53061224489796,12.781632653061225,16,1.4851725613275617
19,6021.301428571429,22.53061224489796,13.716326530612244,16,1.422072561327561
19,6021.301428571429,22.53061224489796,14.651020408163266,16,1.4552725613275614
19,6021.301428571429,22.53061224489796,15.585714285714285,16,1.3825257481407482
19,6021.301428571429,22.53061224489796,16.52040816326531,16,1.3745257481407485
19,6021.301428571429,22.53061224489796,17.455102040816328,16,1.4573257481407487
19,6021.301428571429,22.53061224489796,19.324489795918367,16,1.484401938616939
19,6021.301428571429,22.53061224489796,20.259183673469387,16,1.4522686052836051
19,6021.301428571429,22.53061224489796,21.193877551020407,16,1.437208605283605
19,6021.301428571429,23.020408163265305,12.781632653061225,16,1.4851725613275617
19,6021.301428571429,23.020408163265305,13.716326530612244,16,1.422072561327561
19,6021.301428571429,23.020408163265305,14.651020408163266,16,1.4552725613275614
19,6021.301428571429,23.020408163265305,15.585714285714285,16,1.3825257481407482
19,6021.301428571429,23.020408163265305,16.52040816326531,16,1.3745257481407485
19,6021.301428571429,23.020408163265305,17.455102040816328,16,1.4573257481407487
19,6021.301428571429,23.020408163265305,19.324489795918367,16,1.484401938616939
19,6021.301428571429,23.020408163265305,20.259183673469387,16,1.4522686052836051
19,6021.301428571429,23.020408163265305,21.193877551020407,16,1.437208605283605
19,6021.301428571429,23.51020408163265,27.73673469387755,16,1.4875471830177847
19,6021.301428571429,23.51020408163265,28.67142857142857,16,1.4875471830177847
19,6021.301428571429,24.0,27.73673469387755,16,1.4875471830177847
19,6021.301428571429,24.0,28.67142857142857,16,1.4875471830177847
19,6881.487346938776,21.551020408163264,12.781632653061225,16,1.4826139105339107
19,6881.487346938776,21.551020408163264,13.716326530612244,16,1.4677139105339105
19,6881.487346938776,21.551020408163264,15.585714285714285,16,1.479533764013764
19,6881.487346938776,21.551020408163264,16.52040816326531,16,1.479533764013764
19,6881.487346938776,21.551020408163264,22.12857142857143,16,1.4909366211566215
19,6881.487346938776,21.551020408163264,23.99795918367347,16,1.4847368592518595
19,6881.487346938776,21.551020408163264,24.93265306122449,16,1.4567368592518593
19,6881.487346938776,21.551020408163264,25.86734693877551,16,1.4567368592518593
19,6881.487346938776,22.04081632653061,12.781632653061225,16,1.4826139105339107
19,6881.487346938776,22.04081632653061,13.716326530612244,16,1.4677139105339105
19,6881.487346938776,22.04081632653061,15.585714285714285,16,1.479533764013764
19,6881.487346938776,22.04081632653061,16.52040816326531,16,1.479533764013764
19,6881.487346938776,22.04081632653061,22.12857142857143,16,1.4909366211566215
19,6881.487346938776,22.04081632653061,23.99795918367347,16,1.4847368592518595
19,6881.487346938776,22.04081632653061,24.93265306122449,16,1.4567368592518593
19,6881.487346938776,22.04081632653061,25.86734693877551,16,1.4567368592518593
19,6881.487346938776,22.53061224489796,12.781632653061225,16,1.4851725613275617
19,6881.487346938776,22.53061224489796,13.716326530612244,16,1.422072561327561
19,6881.487346938776,22.53061224489796,14.651020408163266,16,1.4552725613275614
19,6881.487346938776,22.53061224489796,15.585714285714285,16,1.3825257481407482
19,6881.487346938776,22.53061224489796,16.52040816326531,16,1.3745257481407485
19,6881.487346938776,22.53061224489796,17.455102040816328,16,1.4573257481407487
19,6881.487346938776,22.53061224489796,19.324489795918367,16,1.484401938616939
19,6881.487346938776,22.53061224489796,20.259183673469387,16,1.4522686052836051
19,6881.487346938776,22.53061224489796,21.193877551020407,16,1.437208605283605
19,6881.487346938776,23.020408163265305,12.781632653061225,16,1.4851725613275617
19,6881.487346938776,23.020408163265305,13.716326530612244,16,1.422072561327561
19,6881.487346938776,23.020408163265305,14.651020408163266,16,1.4552725613275614
19,6881.487346938776,23.020408163265305,15.585714285714285,16,1.3825257481407482
19,6881.487346938776,23.020408163265305,16.52040816326531,16,1.3745257481407485
19,6881.487346938776,23.020408163265305,17.455102040816328,16,1.4573257481407487
19,6881.487346938776,23.020408163265305,19.324489795918367,16,1.484401938616939
19,6881.487346938776,23.020408163265305,20.259183673469387,16,1.4522686052836051
19,6881.487346938776,23.020408163265305,21.193877551020407,16,1.437208605283605
19,6881.487346938776,23.51020408163265,27.73673469387755,16,1.4875471830177847
19,6881.487346938776,23.51020408163265,28.67142857142857,16,1.4875471830177847
19,6881.487346938776,24.0,27.73673469387755,16,1.4875471830177847
19,6881.487346938776,24.0,28.67142857142857,16,1.4875471830177847
20,0.0,19.591836734693878,13.716326530612244,16,1.480676847041847
20,0.0,19.591836734693878,16.52040816326531,16,1.4954681290931289
20,0.0,20.081632653061224,13.716326530612244,16,1.480676847041847
20,0.0,20.081632653061224,16.52040816326531,16,1.4954681290931289
20,0.0,20.57142857142857,7.173469387755102,16,1.4983617676767673
20,0.0,20.57142857142857,8.108163265306121,16,1.4832951010101008
20,0.0,20.57142857142857,9.042857142857143,16,1.4916951010101005
20,0.0,20.57142857142857,9.977551020408164,16,1.4191855772005768
20,0.0,20.57142857142857,10.912244897959184,16,1.3191551010101004
20,0.0,20.57142857142857,11.846938775510203,16,1.3017551010101005
20,0.0,20.57142857142857,12.781632653061225,16,1.2852217676767672
20,0.0,20.57142857142857,13.716326530612244,16,1.2498217676767671
20,0.0,20.57142857142857,14.651020408163266,16,1.3570884343434337
20,0.0,20.57142857142857,15.585714285714285,16,1.2750130497280494
20,0.0,20.57142857142857,16.52040816326531,16,1.2656130497280496
20,0.0,20.57142857142857,17.455102040816328,16,1.3011130497280492
20,0.0,20.57142857142857,18.389795918367348,16,1.4144759068709063
20,0.0,20.57142857142857,19.324489795918367,16,1.3884759068709067
20,0.0,20.57142857142857,20.259183673469387,16,1.3616759068709066
20,0.0,20.57142857142857,21.193877551020407,16,1.306299716394716
20,0.0,20.57142857142857,22.12857142857143,16,1.3077030497280495
20,0.0,20.57142857142857,23.99795918367347,16,1.42648924020424
20,0.0,20.57142857142857,24.93265306122449,16,1.41508924020424
20,0.0,20.57142857142857,25.86734693877551,16,1.41508924020424
20,0.0,21.06122448979592,7.173469387755102,16,1.4983617676767673
20,0.0,21.06122448979592,8.108163265306121,16,1.4832951010101008
20,0.0,21.06122448979592,9.042857142857143,16,1.4916951010101005
20,0.0,21.06122448979592,9.977551020408164,16,1.4191855772005768
20,0.0,21.06122448979592,10.912244897959184,16,1.3191551010101004
20,0.0,21.06122448979592,11.846938775510203,16,1.3017551010101005
20,0.0,21.06122448979592,12.781632653061225,16,1.2852217676767672
20,0.0,21.06122448979592,13.716326530612244,16,1.2498217676767671
20,0.0,21.06122448979592,14.651020408163266,16,1.3570884343434337
20,0.0,21.06122448979592,15.585714285714285,16,1.2750130497280494
20,0.0,21.06122448979592,16.52040816326531,16,1.2656130497280496
20,0.0,21.06122448979592,17.455102040816328,16,1.3011130497280492
20,0.0,21.06122448979592,18.389795918367348,16,1.4144759068709063
20,0.0,21.06122448979592,19.324489795918367,16,1.3884759068709067
20,0.0,21.06122448979592,20.259183673469387,16,1.3616759068709066
20,0.0,21.06122448979592,21.193877551020407,16,1.306299716394716
20,0.0,21.06122448979592,22.12857142857143,16,1.3077030497280495
20,0.0,21.06122448979592,23.99795918367347,16,1.42648924020424
20,0.0,21.06122448979592,24.93265306122449,16,1.41508924020424
20,0.0,21.06122448979592,25.86734693877551,16,1.41508924020424
20,0.0,21.551020408163264,7.173469387755102,16,1.4944284343434342
20,0.0,21.551020408163264,8.108163265306121,16,1.4793617676767676
20,0.0,21.551020408163264,9.042857142857143,16,1.4835617676767672
20,0.0,21.551020408163264,9.977551020408164,16,1.4110522438672435
20,0.0,21.551020408163264,10.912244897959184,16,1.306621767676767
20,0.0,21.551020408163264,11.846938775510203,16,1.288046767676767
20,0.0,21.551020408163264,12.781632653061225,16,1.2651134343434338
20,0.0,21.551020408163264,13.716326530612244,16,1.229713434343434
20,0.0,21.551020408163264,14.651020408163266,16,1.3185801010101008
20,0.0,21.551020408163264,15.585714285714285,16,1.2199047163947159
20,0.0,21.551020408163264,16.52040816326531,16,1.210504716394716
20,0.0,21.551020408163264,17.455102040816328,16,1.258804716394716
20,0.0,21.551020408163264,18.389795918367348,16,1.3693009068709066
20,0.0,21.551020408163264,19.324489795918367,16,1.3433009068709065
20,0.0,21.551020408163264,20.259183673469387,16,1.3165009068709066
20,0.0,21.551020408163264,21.193877551020407,16,1.244258049728049
20,0.0,21.551020408163264,22.12857142857143,16,1.2507280497280495
20,0.0,21.551020408163264,23.06326530612245,16,1.4587047163947164
20,0.0,21.551020408163264,23.99795918367347,16,1.3000892402042399
20,0.0,21.551020408163264,24.93265306122449,16,1.2720892402042403
20,0.0,21.551020408163264,25.86734693877551,16,1.2720892402042403
20,0.0,22.04081632653061,7.173469387755102,16,1.4944284343434342
20,0.0,22.04081632653061,8.108163265306121,16,1.4793617676767676
20,0.0,22.04081632653061,9.042857142857143,16,1.4835617676767672
20,0.0,22.04081632653061,9.977551020408164,16,1.4110522438672435
20,0.0,22.04081632653061,10.912244897959184,16,1.306621767676767
20,0.0,22.04081632653061,11.846938775510203,16,1.288046767676767
20,0.0,22.04081632653061,12.781632653061225,16,1.2651134343434338
20,0.0,22.04081632653061,13.716326530612244,16,1.229713434343434
20,0.0,22.04081632653061,14.651020408163266,16,1.3185801010101008
20,0.0,22.04081632653061,15.585714285714285,16,1.2199047163947159
20,0.0,22.04081632653061,16.52040816326531,16,1.210504716394716
20,0.0,22.04081632653061,17.455102040816328,16,1.258804716394716
20,0.0,22.04081632653061,18.389795918367348,16,1.3693009068709066
20,0.0,22.04081632653061,19.324489795918367,16,1.3433009068709065
20,0.0,22.04081632653061,20.259183673469387,16,1.3165009068709066
20,0.0,22.04081632653061,21.193877551020407,16,1.244258049728049
20,0.0,22.04081632653061,22.12857142857143,16,1.2507280497280495
20,0.0,22.04081632653061,23.06326530612245,16,1.4587047163947164
20,0.0,22.04081632653061,23.99795918367347,16,1.3000892402042399
20,0.0,22.04081632653061,24.93265306122449,16,1.2720892402042403
20,0.0,22.04081632653061,25.86734693877551,16,1.2720892402042403
20,0.0,22.53061224489796,8.108163265306121,16,1.4902537518037517
20,0.0,22.53061224489796,9.977551020408164,16,1.4526537518037517
20,0.0,22.53061224489796,10.912244897959184,16,1.3785089898989893
20,0.0,22.53061224489796,11.846938775510203,16,1.3579339898989897
20,0.0,22.53061224489796,12.781632653061225,16,1.3380006565656561
20,0.0,22.53061224489796,13.716326530612244,16,1.2774006565656562
20,0.0,22.53061224489796,14.651020408163266,16,1.3180006565656563
20,0.0,22.53061224489796,15.585714285714285,16,1.2338252719502716
20,0.0,22.53061224489796,16.52040816326531,16,1.2186252719502715
20,0.0,22.53061224489796,17.455102040816328,16,1.3050252719502717
20,0.0,22.53061224489796,18.389795918367348,16,1.329621462426462
20,0.0,22.53061224489796,19.324489795918367,16,1.3078214624264617
20,0.0,22.53061224489796,20.259183673469387,16,1.2658881290931285
20,0.0,22.53061224489796,21.193877551020407,16,1.2430452719502716
20,0.0,22.53061224489796,22.12857142857143,16,1.3856619386169386
20,0.0,22.53061224489796,23.99795918367347,16,1.4394802719502722
20,0.0,22.53061224489796,24.93265306122449,16,1.4414669386169388
20,0.0,22.53061224489796,25.86734693877551,16,1.4414669386169388
20,0.0,23.020408163265305,8.108163265306121,16,1.4902537518037517
20,0.0,23.020408163265305,9.977551020408164,16,1.4526537518037517
20,0.0,23.020408163265305,10.912244897959184,16,1.3785089898989893
20,0.0,23.020408163265305,11.846938775510203,16,1.3579339898989897
20,0.0,23.020408163265305,12.781632653061225,16,1.3380006565656561
20,0.0,23.020408163265305,13.716326530612244,16,1.2774006565656562
20,0.0,23.020408163265305,14.651020408163266,16,1.3180006565656563
20,0.0,23.020408163265305,15.585714285714285,16,1.2338252719502716
20,0.0,23.020408163265305,16.52040816326531,16,1.2186252719502715
20,0.0,23.020408163265305,17.455102040816328,16,1.3050252719502717
20,0.0,23.020408163265305,18.389795918367348,16,1.329621462426462
20,0.0,23.020408163265305,19.324489795918367,16,1.3078214624264617
20,0.0,23.020408163265305,20.259183673469387,16,1.2658881290931285
20,0.0,23.020408163265305,21.193877551020407,16,1.2430452719502716
20,0.0,23.020408163265305,22.12857142857143,16,1.3856619386169386
20,0.0,23.020408163265305,23.99795918367347,16,1.4394802719502722
20,0.0,23.020408163265305,24.93265306122449,16,1.4414669386169388
20,0.0,23.020408163265305,25.86734693877551,16,1.4414669386169388
20,0.0,23.51020408163265,16.52040816326531,16,1.4916723590012222
20,0.0,23.51020408163265,19.324489795918367,16,1.4692390256678889
20,0.0,23.51020408163265,20.259183673469387,16,1.4553056923345558
20,0.0,23.51020408163265,21.193877551020407,16,1.3864723590012225
20,0.0,23.51020408163265,26.80204081632653,16,1.4514200401606425
20,0.0,23.51020408163265,27.73673469387755,16,1.4246533734939757
20,0.0,23.51020408163265,28.67142857142857,16,1.4246533734939757
20,0.0,23.51020408163265,29.60612244897959,16,1.4873644846050873
20,0.0,23.51020408163265,30.540816326530614,16,1.4873644846050873
20,0.0,24.0,16.52040816326531,16,1.4916723590012222
20,0.0,24.0,19.324489795918367,16,1.4692390256678889
20,0.0,24.0,20.259183673469387,16,1.4553056923345558
20,0.0,24.0,21.193877551020407,16,1.3864723590012225
20,0.0,24.0,26.80204081632653,16,1.4514200401606425
20,0.0,24.0,27.73673469387755,16,1.4246533734939757
20,0.0,24.0,28.67142857142857,16,1.4246533734939757
20,0.0,24.0,29.60612244897959,16,1.4873644846050873
20,0.0,24.0,30.540816326530614,16,1.4873644846050873
20,860.185918367347,19.591836734693878,13.716326530612244,16,1.480676847041847
20,860.185918367347,19.591836734693878,16.52040816326531,16,1.4954681290931289
20,860.185918367347,20.081632653061224,13.716326530612244,16,1.480676847041847
20,860.185918367347,20.081632653061224,16.52040816326531,16,1.4954681290931289
20,860.185918367347,20.57142857142857,7.173469387755102,16,1.4983617676767673
20,860.185918367347,20.57142857142857,8.108163265306121,16,1.4832951010101008
20,860.185918367347,20.57142857142857,9.042857142857143,16,1.4916951010101005
20,860.185918367347,20.57142857142857,9.977551020408164,16,1.4191855772005768
20,860.185918367347,20.57142857142857,10.912244897959184,16,1.3191551010101004
20,860.185918367347,20.57142857142857,11.846938775510203,16,1.3017551010101005
20,860.185918367347,20.57142857142857,12.781632653061225,16,1.2852217676767672
20,860.185918367347,20.57142857142857,13.716326530612244,16,1.2498217676767671
20,860.185918367347,20.57142857142857,14.651020408163266,16,1.3570884343434337
20,860.185918367347,20.57142857142857,15.585714285714285,16,1.2750130497280494
20,860.185918367347,20.57142857142857,16.52040816326531,16,1.2656130497280496
20,860.185918367347,20.57142857142857,17.455102040816328,16,1.3011130497280492
20,860.185918367347,20.57142857142857,18.389795918367348,16,1.4144759068709063
20,860.185918367347,20.57142857142857,19.324489795918367,16,1.3884759068709067
20,860.185918367347,20.57142857142857,20.259183673469387,16,1.3616759068709066
20,860.185918367347,20.57142857142857,21.193877551020407,16,1.306299716394716
20,860.185918367347,20.57142857142857,22.12857142857143,16,1.3077030497280495
20,860.185918367347,20.57142857142857,23.99795918367347,16,1.42648924020424
20,860.185918367347,20.57142857142857,24.93265306122449,16,1.41508924020424
20,860.185918367347,20.57142857142857,25.86734693877551,16,1.41508924020424
20,860.185918367347,21.06122448979592,7.173469387755102,16,1.4983617676767673
20,860.185918367347,21.06122448979592,8.108163265306121,16,1.4832951010101008
20,860.185918367347,21.06122448979592,9.042857142857143,16,1.4916951010101005
20,860.185918367347,21.06122448979592,9.977551020408164,16,1.4191855772005768
20,860.185918367347,21.06122448979592,10.912244897959184,16,1.3191551010101004
20,860.185918367347,21.06122448979592,11.846938775510203,16,1.3017551010101005
20,860.185918367347,21.06122448979592,12.781632653061225,16,1.2852217676767672
20,860.185918367347,21.06122448979592,13.716326530612244,16,1.2498217676767671
20,860.185918367347,21.06122448979592,14.651020408163266,16,1.3570884343434337
20,860.185918367347,21.06122448979592,15.585714285714285,16,1.2750130497280494
20,860.185918367347,21.06122448979592,16.52040816326531,16,1.2656130497280496
20,860.185918367347,21.06122448979592,17.455102040816328,16,1.3011130497280492
20,860.185918367347,21.06122448979592,18.389795918367348,16,1.4144759068709063
20,860.185918367347,21.06122448979592,19.324489795918367,16,1.3884759068709067
20,860.185918367347,21.06122448979592,20.259183673469387,16,1.3616759068709066
20,860.185918367347,21.06122448979592,21.193877551020407,16,1.306299716394716
20,860.185918367347,21.06122448979592,22.12857142857143,16,1.3077030497280495
20,860.185918367347,21.06122448979592,23.99795918367347,16,1.42648924020424
20,860.185918367347,21.06122448979592,24.93265306122449,16,1.41508924020424
20,860.185918367347,21.06122448979592,25.86734693877551,16,1.41508924020424
20,860.185918367347,21.551020408163264,7.173469387755102,16,1.4944284343434342
20,860.185918367347,21.551020408163264,8.108163265306121,16,1.4793617676767676
20,860.185918367347,21.551020408163264,9.042857142857143,16,1.4835617676767672
20,860.185918367347,21.551020408163264,9.977551020408164,16,1.4110522438672435
20,860.185918367347,21.551020408163264,10.912244897959184,16,1.306621767676767
20,860.185918367347,21.551020408163264,11.846938775510203,16,1.288046767676767
20,860.185918367347,21.551020408163264,12.781632653061225,16,1.2651134343434338
20,860.185918367347,21.551020408163264,13.716326530612244,16,1.229713434343434
20,860.185918367347,21.551020408163264,14.651020408163266,16,1.3185801010101008
20,860.185918367347,21.551020408163264,15.585714285714285,16,1.2199047163947159
20,860.185918367347,21.551020408163264,16.52040816326531,16,1.210504716394716
20,860.185918367347,21.551020408163264,17.455102040816328,16,1.258804716394716
20,860.185918367347,21.551020408163264,18.389795918367348,16,1.3693009068709066
20,860.185918367347,21.551020408163264,19.324489795918367,16,1.3433009068709065
20,860.185918367347,21.551020408163264,20.259183673469387,16,1.3165009068709066
20,860.185918367347,21.551020408163264,21.193877551020407,16,1.244258049728049
20,860.185918367347,21.551020408163264,22.12857142857143,16,1.2507280497280495
20,860.185918367347,21.551020408163264,23.06326530612245,16,1.4587047163947164
20,860.185918367347,21.551020408163264,23.99795918367347,16,1.3000892402042399
20,860.185918367347,21.551020408163264,24.93265306122449,16,1.2720892402042403
20,860.185918367347,21.551020408163264,25.86734693877551,16,1.2720892402042403
20,860.185918367347,22.04081632653061,7.173469387755102,16,1.4944284343434342
20,860.185918367347,22.04081632653061,8.108163265306121,16,1.4793617676767676
20,860.185918367347,22.04081632653061,9.042857142857143,16,1.4835617676767672
20,860.185918367347,22.04081632653061,9.977551020408164,16,1.4110522438672435
20,860.185918367347,22.04081632653061,10.912244897959184,16,1.306621767676767
20,860.185918367347,22.04081632653061,11.846938775510203,16,1.288046767676767
20,860.185918367347,22.04081632653061,12.781632653061225,16,1.2651134343434338
20,860.185918367347,22.04081632653061,13.716326530612244,16,1.229713434343434
20,860.185918367347,22.04081632653061,14.651020408163266,16,1.3185801010101008
20,860.185918367347,22.04081632653061,15.585714285714285,16,1.2199047163947159
20,860.185918367347,22.04081632653061,16.52040816326531,16,1.210504716394716
20,860.185918367347,22.04081632653061,17.455102040816328,16,1.258804716394716
20,860.185918367347,22.04081632653061,18.389795918367348,16,1.3693009068709066
20,860.185918367347,22.04081632653061,19.324489795918367,16,1.3433009068709065
20,860.185918367347,22.04081632653061,20.259183673469387,16,1.3165009068709066
20,860.185918367347,22.04081632653061,21.193877551020407,16,1.244258049728049
20,860.185918367347,22.04081632653061,22.12857142857143,16,1.2507280497280495
20,860.185918367347,22.04081632653061,23.06326530612245,16,1.4587047163947164
20,860.185918367347,22.04081632653061,23.99795918367347,16,1.3000892402042399
20,860.185918367347,22.04081632653061,24.93265306122449,16,1.2720892402042403
20,860.185918367347,22.04081632653061,25.86734693877551,16,1.2720892402042403
20,860.185918367347,22.53061224489796,8.108163265306121,16,1.4902537518037517
20,860.185918367347,22.53061224489796,9.977551020408164,16,1.4526537518037517
20,860.185918367347,22.53061224489796,10.912244897959184,16,1.3785089898989893
20,860.185918367347,22.53061224489796,11.846938775510203,16,1.3579339898989897
20,860.185918367347,22.53061224489796,12.781632653061225,16,1.3380006565656561
20,860.185918367347,22.53061224489796,13.716326530612244,16,1.2774006565656562
20,860.185918367347,22.53061224489796,14.651020408163266,16,1.3180006565656563
20,860.185918367347,22.53061224489796,15.585714285714285,16,1.2338252719502716
20,860.185918367347,22.53061224489796,16.52040816326531,16,1.2186252719502715
20,860.185918367347,22.53061224489796,17.455102040816328,16,1.3050252719502717
20,860.185918367347,22.53061224489796,18.389795918367348,16,1.329621462426462
20,860.185918367347,22.53061224489796,19.324489795918367,16,1.3078214624264617
20,860.185918367347,22.53061224489796,20.259183673469387,16,1.2658881290931285
20,860.185918367347,22.53061224489796,21.193877551020407,16,1.2430452719502716
20,860.185918367347,22.53061224489796,22.12857142857143,16,1.3856619386169386
20,860.185918367347,22.53061224489796,23.99795918367347,16,1.4394802719502722
20,860.185918367347,22.53061224489796,24.93265306122449,16,1.4414669386169388
20,860.185918367347,22.53061224489796,25.86734693877551,16,1.4414669386169388
20,860.185918367347,23.020408163265305,8.108163265306121,16,1.4902537518037517
20,860.185918367347,23.020408163265305,9.977551020408164,16,1.4526537518037517
20,860.185918367347,23.020408163265305,10.912244897959184,16,1.3785089898989893
20,860.185918367347,23.020408163265305,11.846938775510203,16,1.3579339898989897
20,860.185918367347,23.020408163265305,12.781632653061225,16,1.3380006565656561
20,860.185918367347,23.020408163265305,13.716326530612244,16,1.2774006565656562
20,860.185918367347,23.020408163265305,14.651020408163266,16,1.3180006565656563
20,860.185918367347,23.020408163265305,15.585714285714285,16,1.2338252719502716
20,860.185918367347,23.020408163265305,16.52040816326531,16,1.2186252719502715
20,860.185918367347,23.020408163265305,17.455102040816328,16,1.3050252719502717
20,860.185918367347,23.020408163265305,18.389795918367348,16,1.329621462426462
20,860.185918367347,23.020408163265305,19.324489795918367,16,1.3078214624264617
20,860.185918367347,23.020408163265305,20.259183673469387,16,1.2658881290931285
20,860.185918367347,23.020408163265305,21.193877551020407,16,1.2430452719502716
20,860.185918367347,23.020408163265305,22.12857142857143,16,1.3856619386169386
20,860.185918367347,23.020408163265305,23.99795918367347,16,1.4394802719502722
20,860.185918367347,23.020408163265305,24.93265306122449,16,1.4414669386169388
20,860.185918367347,23.020408163265305,25.86734693877551,16,1.4414669386169388
20,860.185918367347,23.51020408163265,16.52040816326531,16,1.4916723590012222
20,860.185918367347,23.51020408163265,19.324489795918367,16,1.4692390256678889
20,860.185918367347,23.51020408163265,20.259183673469387,16,1.4553056923345558
20,860.185918367347,23.51020408163265,21.193877551020407,16,1.3864723590012225
20,860.185918367347,23.51020408163265,26.80204081632653,16,1.4514200401606425
20,860.185918367347,23.51020408163265,27.73673469387755,16,1.4246533734939757
20,860.185918367347,23.51020408163265,28.67142857142857,16,1.4246533734939757
20,860.185918367347,23.51020408163265,29.60612244897959,16,1.4873644846050873
20,860.185918367347,23.51020408163265,30.540816326530614,16,1.4873644846050873
20,860.185918367347,24.0,16.52040816326531,16,1.4916723590012222
20,860.185918367347,24.0,19.324489795918367,16,1.4692390256678889
20,860.185918367347,24.0,20.259183673469387,16,1.4553056923345558
20,860.185918367347,24.0,21.193877551020407,16,1.3864723590012225
20,860.185918367347,24.0,26.80204081632653,16,1.4514200401606425
20,860.185918367347,24.0,27.73673469387755,16,1.4246533734939757
20,860.185918367347,24.0,28.67142857142857,16,1.4246533734939757
20,860.185918367347,24.0,29.60612244897959,16,1.4873644846050873
20,860.185918367347,24.0,30.540816326530614,16,1.4873644846050873
20,1720.371836734694,19.591836734693878,13.716326530612244,16,1.480676847041847
20,1720.371836734694,19.591836734693878,16.52040816326531,16,1.4954681290931289
20,1720.371836734694,20.081632653061224,13.716326530612244,16,1.480676847041847
20,1720.371836734694,20.081632653061224,16.52040816326531,16,1.4954681290931289
20,1720.371836734694,20.57142857142857,7.173469387755102,16,1.4983617676767673
20,1720.371836734694,20.57142857142857,8.108163265306121,16,1.4832951010101008
20,1720.371836734694,20.57142857142857,9.042857142857143,16,1.4916951010101005
20,1720.371836734694,20.57142857142857,9.977551020408164,16,1.4191855772005768
20,1720.371836734694,20.57142857142857,10.912244897959184,16,1.3191551010101004
20,1720.371836734694,20.57142857142857,11.846938775510203,16,1.3017551010101005
20,1720.371836734694,20.57142857142857,12.781632653061225,16,1.2852217676767672
20,1720.371836734694,20.57142857142857,13.716326530612244,16,1.2498217676767671
20,1720.371836734694,20.57142857142857,14.651020408163266,16,1.3570884343434337
20,1720.371836734694,20.57142857142857,15.585714285714285,16,1.2750130497280494
20,1720.371836734694,20.57142857142857,16.52040816326531,16,1.2656130497280496
20,1720.371836734694,20.57142857142857,17.455102040816328,16,1.3011130497280492
20,1720.371836734694,20.57142857142857,18.389795918367348,16,1.4144759068709063
20,1720.371836734694,20.57142857142857,19.324489795918367,16,1.3884759068709067
20,1720.371836734694,20.57142857142857,20.259183673469387,16,1.3616759068709066
20,1720.371836734694,20.57142857142857,21.193877551020407,16,1.306299716394716
20,1720.371836734694,20.57142857142857,22.12857142857143,16,1.3077030497280495
20,1720.371836734694,20.57142857142857,23.99795918367347,16,1.42648924020424
20,1720.371836734694,20.57142857142857,24.93265306122449,16,1.41508924020424
20,1720.371836734694,20.57142857142857,25.86734693877551,16,1.41508924020424
20,1720.371836734694,21.06122448979592,7.173469387755102,16,1.4983617676767673
20,1720.371836734694,21.06122448979592,8.108163265306121,16,1.4832951010101008
20,1720.371836734694,21.06122448979592,9.042857142857143,16,1.4916951010101005
20,1720.371836734694,21.06122448979592,9.977551020408164,16,1.4191855772005768
20,1720.371836734694,21.06122448979592,10.912244897959184,16,1.3191551010101004
20,1720.371836734694,21.06122448979592,11.846938775510203,16,1.3017551010101005
20,1720.371836734694,21.06122448979592,12.781632653061225,16,1.2852217676767672
20,1720.371836734694,21.06122448979592,13.716326530612244,16,1.2498217676767671
20,1720.371836734694,21.06122448979592,14.651020408163266,16,1.3570884343434337
20,1720.371836734694,21.06122448979592,15.585714285714285,16,1.2750130497280494
20,1720.371836734694,21.06122448979592,16.52040816326531,16,1.2656130497280496
20,1720.371836734694,21.06122448979592,17.455102040816328,16,1.3011130497280492
20,1720.371836734694,21.06122448979592,18.389795918367348,16,1.4144759068709063
20,1720.371836734694,21.06122448979592,19.324489795918367,16,1.3884759068709067
20,1720.371836734694,21.06122448979592,20.259183673469387,16,1.3616759068709066
20,1720.371836734694,21.06122448979592,21.193877551020407,16,1.306299716394716
20,1720.371836734694,21.06122448979592,22.12857142857143,16,1.3077030497280495
20,1720.371836734694,21.06122448979592,23.99795918367347,16,1.42648924020424
20,1720.371836734694,21.06122448979592,24.93265306122449,16,1.41508924020424
20,1720.371836734694,21.06122448979592,25.86734693877551,16,1.41508924020424
20,1720.371836734694,21.551020408163264,7.173469387755102,16,1.4944284343434342
20,1720.371836734694,21.551020408163264,8.108163265306121,16,1.4793617676767676
20,1720.371836734694,21.551020408163264,9.042857142857143,16,1.4835617676767672
20,1720.371836734694,21.551020408163264,9.977551020408164,16,1.4110522438672435
20,1720.371836734694,21.551020408163264,10.912244897959184,16,1.306621767676767
20,1720.371836734694,21.551020408163264,11.846938775510203,16,1.288046767676767
20,1720.371836734694,21.551020408163264,12.781632653061225,16,1.2651134343434338
20,1720.371836734694,21.551020408163264,13.716326530612244,16,1.229713434343434
20,1720.371836734694,21.551020408163264,14.651020408163266,16,1.3185801010101008
20,1720.371836734694,21.551020408163264,15.585714285714285,16,1.2199047163947159
20,1720.371836734694,21.551020408163264,16.52040816326531,16,1.210504716394716
20,1720.371836734694,21.551020408163264,17.455102040816328,16,1.258804716394716
20,1720.371836734694,21.551020408163264,18.389795918367348,16,1.3693009068709066
20,1720.371836734694,21.551020408163264,19.324489795918367,16,1.3433009068709065
20,1720.371836734694,21.551020408163264,20.259183673469387,16,1.3165009068709066
20,1720.371836734694,21.551020408163264,21.193877551020407,16,1.244258049728049
20,1720.371836734694,21.551020408163264,22.12857142857143,16,1.2507280497280495
20,1720.371836734694,21.551020408163264,23.06326530612245,16,1.4587047163947164
20,1720.371836734694,21.551020408163264,23.99795918367347,16,1.3000892402042399
20,1720.371836734694,21.551020408163264,24.93265306122449,16,1.2720892402042403
20,1720.371836734694,21.551020408163264,25.86734693877551,16,1.2720892402042403
20,1720.371836734694,22.04081632653061,7.173469387755102,16,1.4944284343434342
20,1720.371836734694,22.04081632653061,8.108163265306121,16,1.4793617676767676
20,1720.371836734694,22.04081632653061,9.042857142857143,16,1.4835617676767672
20,1720.371836734694,22.04081632653061,9.977551020408164,16,1.4110522438672435
20,1720.371836734694,22.04081632653061,10.912244897959184,16,1.306621767676767
20,1720.371836734694,22.04081632653061,11.846938775510203,16,1.288046767676767
20,1720.371836734694,22.04081632653061,12.781632653061225,16,1.2651134343434338
20,1720.371836734694,22.04081632653061,13.716326530612244,16,1.229713434343434
20,1720.371836734694,22.04081632653061,14.651020408163266,16,1.3185801010101008
20,1720.371836734694,22.04081632653061,15.585714285714285,16,1.2199047163947159
20,1720.371836734694,22.04081632653061,16.52040816326531,16,1.210504716394716
20,1720.371836734694,22.04081632653061,17.455102040816328,16,1.258804716394716
20,1720.371836734694,22.04081632653061,18.389795918367348,16,1.3693009068709066
20,1720.371836734694,22.04081632653061,19.324489795918367,16,1.3433009068709065
20,1720.371836734694,22.04081632653061,20.259183673469387,16,1.3165009068709066
20,1720.371836734694,22.04081632653061,21.193877551020407,16,1.244258049728049
20,1720.371836734694,22.04081632653061,22.12857142857143,16,1.2507280497280495
20,1720.371836734694,22.04081632653061,23.06326530612245,16,1.4587047163947164
20,1720.371836734694,22.04081632653061,23.99795918367347,16,1.3000892402042399
20,1720.371836734694,22.04081632653061,24.93265306122449,16,1.2720892402042403
20,1720.371836734694,22.04081632653061,25.86734693877551,16,1.2720892402042403
20,1720.371836734694,22.53061224489796,8.108163265306121,16,1.4902537518037517
20,1720.371836734694,22.53061224489796,9.977551020408164,16,1.4526537518037517
20,1720.371836734694,22.53061224489796,10.912244897959184,16,1.3785089898989893
20,1720.371836734694,22.53061224489796,11.846938775510203,16,1.3579339898989897
20,1720.371836734694,22.53061224489796,12.781632653061225,16,1.3380006565656561
20,1720.371836734694,22.53061224489796,13.716326530612244,16,1.2774006565656562
20,1720.371836734694,22.53061224489796,14.651020408163266,16,1.3180006565656563
20,1720.371836734694,22.53061224489796,15.585714285714285,16,1.2338252719502716
20,1720.371836734694,22.53061224489796,16.52040816326531,16,1.2186252719502715
20,1720.371836734694,22.53061224489796,17.455102040816328,16,1.3050252719502717
20,1720.371836734694,22.53061224489796,18.389795918367348,16,1.329621462426462
20,1720.371836734694,22.53061224489796,19.324489795918367,16,1.3078214624264617
20,1720.371836734694,22.53061224489796,20.259183673469387,16,1.2658881290931285
20,1720.371836734694,22.53061224489796,21.193877551020407,16,1.2430452719502716
20,1720.371836734694,22.53061224489796,22.12857142857143,16,1.3856619386169386
20,1720.371836734694,22.53061224489796,23.99795918367347,16,1.4394802719502722
20,1720.371836734694,22.53061224489796,24.93265306122449,16,1.4414669386169388
20,1720.371836734694,22.53061224489796,25.86734693877551,16,1.4414669386169388
20,1720.371836734694,23.020408163265305,8.108163265306121,16,1.4902537518037517
20,1720.371836734694,23.020408163265305,9.977551020408164,16,1.4526537518037517
20,1720.371836734694,23.020408163265305,10.912244897959184,16,1.3785089898989893
20,1720.371836734694,23.020408163265305,11.846938775510203,16,1.3579339898989897
20,1720.371836734694,23.020408163265305,12.781632653061225,16,1.3380006565656561
20,1720.371836734694,23.020408163265305,13.716326530612244,16,1.2774006565656562
20,1720.371836734694,23.020408163265305,14.651020408163266,16,1.3180006565656563
20,1720.371836734694,23.020408163265305,15.585714285714285,16,1.2338252719502716
20,1720.371836734694,23.020408163265305,16.52040816326531,16,1.2186252719502715
20,1720.371836734694,23.020408163265305,17.455102040816328,16,1.3050252719502717
20,1720.371836734694,23.020408163265305,18.389795918367348,16,1.329621462426462
20,1720.371836734694,23.020408163265305,19.324489795918367,16,1.3078214624264617
20,1720.371836734694,23.020408163265305,20.259183673469387,16,1.2658881290931285
20,1720.371836734694,23.020408163265305,21.193877551020407,16,1.2430452719502716
20,1720.371836734694,23.020408163265305,22.12857142857143,16,1.3856619386169386
20,1720.371836734694,23.020408163265305,23.99795918367347,16,1.4394802719502722
20,1720.371836734694,23.020408163265305,24.93265306122449,16,1.4414669386169388
20,1720.371836734694,23.020408163265305,25.86734693877551,16,1.4414669386169388
20,1720.371836734694,23.51020408163265,16.52040816326531,16,1.4916723590012222
20,1720.371836734694,23.51020408163265,19.324489795918367,16,1.4692390256678889
20,1720.371836734694,23.51020408163265,20.259183673469387,16,1.4553056923345558
20,1720.371836734694,23.51020408163265,21.193877551020407,16,1.3864723590012225
20,1720.371836734694,23.51020408163265,26.80204081632653,16,1.4514200401606425
20,1720.371836734694,23.51020408163265,27.73673469387755,16,1.4246533734939757
20,1720.371836734694,23.51020408163265,28.67142857142857,16,1.4246533734939757
20,1720.371836734694,23.51020408163265,29.60612244897959,16,1.4873644846050873
20,1720.371836734694,23.51020408163265,30.540816326530614,16,1.4873644846050873
20,1720.371836734694,24.0,16.52040816326531,16,1.4916723590012222
20,1720.371836734694,24.0,19.324489795918367,16,1.4692390256678889
20,1720.371836734694,24.0,20.259183673469387,16,1.4553056923345558
20,1720.371836734694,24.0,21.193877551020407,16,1.3864723590012225
20,1720.371836734694,24.0,26.80204081632653,16,1.4514200401606425
20,1720.371836734694,24.0,27.73673469387755,16,1.4246533734939757
20,1720.371836734694,24.0,28.67142857142857,16,1.4246533734939757
20,1720.371836734694,24.0,29.60612244897959,16,1.4873644846050873
20,1720.371836734694,24.0,30.540816326530614,16,1.4873644846050873
20,2580.557755102041,19.591836734693878,13.716326530612244,16,1.480676847041847
20,2580.557755102041,19.591836734693878,16.52040816326531,16,1.4954681290931289
20,2580.557755102041,20.081632653061224,13.716326530612244,16,1.480676847041847
20,2580.557755102041,20.081632653061224,16.52040816326531,16,1.4954681290931289
20,2580.557755102041,20.57142857142857,7.173469387755102,16,1.4983617676767673
20,2580.557755102041,20.57142857142857,8.108163265306121,16,1.4832951010101008
20,2580.557755102041,20.57142857142857,9.042857142857143,16,1.4916951010101005
20,2580.557755102041,20.57142857142857,9.977551020408164,16,1.4191855772005768
20,2580.557755102041,20.57142857142857,10.912244897959184,16,1.3191551010101004
20,2580.557755102041,20.57142857142857,11.846938775510203,16,1.3017551010101005
20,2580.557755102041,20.57142857142857,12.781632653061225,16,1.2852217676767672
20,2580.557755102041,20.57142857142857,13.716326530612244,16,1.2498217676767671
20,2580.557755102041,20.57142857142857,14.651020408163266,16,1.3570884343434337
20,2580.557755102041,20.57142857142857,15.585714285714285,16,1.2750130497280494
20,2580.557755102041,20.57142857142857,16.52040816326531,16,1.2656130497280496
20,2580.557755102041,20.57142857142857,17.455102040816328,16,1.3011130497280492
20,2580.557755102041,20.57142857142857,18.389795918367348,16,1.4144759068709063
20,2580.557755102041,20.57142857142857,19.324489795918367,16,1.3884759068709067
20,2580.557755102041,20.57142857142857,20.259183673469387,16,1.3616759068709066
20,2580.557755102041,20.57142857142857,21.193877551020407,16,1.306299716394716
20,2580.557755102041,20.57142857142857,22.12857142857143,16,1.3077030497280495
20,2580.557755102041,20.57142857142857,23.99795918367347,16,1.42648924020424
20,2580.557755102041,20.57142857142857,24.93265306122449,16,1.41508924020424
20,2580.557755102041,20.57142857142857,25.86734693877551,16,1.41508924020424
20,2580.557755102041,21.06122448979592,7.173469387755102,16,1.4983617676767673
20,2580.557755102041,21.06122448979592,8.108163265306121,16,1.4832951010101008
20,2580.557755102041,21.06122448979592,9.042857142857143,16,1.4916951010101005
20,2580.557755102041,21.06122448979592,9.977551020408164,16,1.4191855772005768
20,2580.557755102041,21.06122448979592,10.912244897959184,16,1.3191551010101004
20,2580.557755102041,21.06122448979592,11.846938775510203,16,1.3017551010101005
20,2580.557755102041,21.06122448979592,12.781632653061225,16,1.2852217676767672
20,2580.557755102041,21.06122448979592,13.716326530612244,16,1.2498217676767671
20,2580.557755102041,21.06122448979592,14.651020408163266,16,1.3570884343434337
20,2580.557755102041,21.06122448979592,15.585714285714285,16,1.2750130497280494
20,2580.557755102041,21.06122448979592,16.52040816326531,16,1.2656130497280496
20,2580.557755102041,21.06122448979592,17.455102040816328,16,1.3011130497280492
20,2580.557755102041,21.06122448979592,18.389795918367348,16,1.4144759068709063
20,2580.557755102041,21.06122448979592,19.324489795918367,16,1.3884759068709067
20,2580.557755102041,21.06122448979592,20.259183673469387,16,1.3616759068709066
20,2580.557755102041,21.06122448979592,21.193877551020407,16,1.306299716394716
20,2580.557755102041,21.06122448979592,22.12857142857143,16,1.3077030497280495
20,2580.557755102041,21.06122448979592,23.99795918367347,16,1.42648924020424
20,2580.557755102041,21.06122448979592,24.93265306122449,16,1.41508924020424
20,2580.557755102041,21.06122448979592,25.86734693877551,16,1.41508924020424
20,2580.557755102041,21.551020408163264,7.173469387755102,16,1.4944284343434342
20,2580.557755102041,21.551020408163264,8.108163265306121,16,1.4793617676767676
20,2580.557755102041,21.551020408163264,9.042857142857143,16,1.4835617676767672
20,2580.557755102041,21.551020408163264,9.977551020408164,16,1.4110522438672435
20,2580.557755102041,21.551020408163264,10.912244897959184,16,1.306621767676767
20,2580.557755102041,21.551020408163264,11.846938775510203,16,1.288046767676767
20,2580.557755102041,21.551020408163264,12.781632653061225,16,1.2651134343434338
20,2580.557755102041,21.551020408163264,13.716326530612244,16,1.229713434343434
20,2580.557755102041,21.551020408163264,14.651020408163266,16,1.3185801010101008
20,2580.557755102041,21.551020408163264,15.585714285714285,16,1.2199047163947159
20,2580.557755102041,21.551020408163264,16.52040816326531,16,1.210504716394716
20,2580.557755102041,21.551020408163264,17.455102040816328,16,1.258804716394716
20,2580.557755102041,21.551020408163264,18.389795918367348,16,1.3693009068709066
20,2580.557755102041,21.551020408163264,19.324489795918367,16,1.3433009068709065
20,2580.557755102041,21.551020408163264,20.259183673469387,16,1.3165009068709066
20,2580.557755102041,21.551020408163264,21.193877551020407,16,1.244258049728049
20,2580.557755102041,21.551020408163264,22.12857142857143,16,1.2507280497280495
20,2580.557755102041,21.551020408163264,23.06326530612245,16,1.4587047163947164
20,2580.557755102041,21.551020408163264,23.99795918367347,16,1.3000892402042399
20,2580.557755102041,21.551020408163264,24.93265306122449,16,1.2720892402042403
20,2580.557755102041,21.551020408163264,25.86734693877551,16,1.2720892402042403
20,2580.557755102041,22.04081632653061,7.173469387755102,16,1.4944284343434342
20,2580.557755102041,22.04081632653061,8.108163265306121,16,1.4793617676767676
20,2580.557755102041,22.04081632653061,9.042857142857143,16,1.4835617676767672
20,2580.557755102041,22.04081632653061,9.977551020408164,16,1.4110522438672435
20,2580.557755102041,22.04081632653061,10.912244897959184,16,1.306621767676767
20,2580.557755102041,22.04081632653061,11.846938775510203,16,1.288046767676767
20,2580.557755102041,22.04081632653061,12.781632653061225,16,1.2651134343434338
20,2580.557755102041,22.04081632653061,13.716326530612244,16,1.229713434343434
20,2580.557755102041,22.04081632653061,14.651020408163266,16,1.3185801010101008
20,2580.557755102041,22.04081632653061,15.585714285714285,16,1.2199047163947159
20,2580.557755102041,22.04081632653061,16.52040816326531,16,1.210504716394716
20,2580.557755102041,22.04081632653061,17.455102040816328,16,1.258804716394716
20,2580.557755102041,22.04081632653061,18.389795918367348,16,1.3693009068709066
20,2580.557755102041,22.04081632653061,19.324489795918367,16,1.3433009068709065
20,2580.557755102041,22.04081632653061,20.259183673469387,16,1.3165009068709066
20,2580.557755102041,22.04081632653061,21.193877551020407,16,1.244258049728049
20,2580.557755102041,22.04081632653061,22.12857142857143,16,1.2507280497280495
20,2580.557755102041,22.04081632653061,23.06326530612245,16,1.4587047163947164
20,2580.557755102041,22.04081632653061,23.99795918367347,16,1.3000892402042399
20,2580.557755102041,22.04081632653061,24.93265306122449,16,1.2720892402042403
20,2580.557755102041,22.04081632653061,25.86734693877551,16,1.2720892402042403
20,2580.557755102041,22.53061224489796,8.108163265306121,16,1.4902537518037517
20,2580.557755102041,22.53061224489796,9.977551020408164,16,1.4526537518037517
20,2580.557755102041,22.53061224489796,10.912244897959184,16,1.3785089898989893
20,2580.557755102041,22.53061224489796,11.846938775510203,16,1.3579339898989897
20,2580.557755102041,22.53061224489796,12.781632653061225,16,1.3380006565656561
20,2580.557755102041,22.53061224489796,13.716326530612244,16,1.2774006565656562
20,2580.557755102041,22.53061224489796,14.651020408163266,16,1.3180006565656563
20,2580.557755102041,22.53061224489796,15.585714285714285,16,1.2338252719502716
20,2580.557755102041,22.53061224489796,16.52040816326531,16,1.2186252719502715
20,2580.557755102041,22.53061224489796,17.455102040816328,16,1.3050252719502717
20,2580.557755102041,22.53061224489796,18.389795918367348,16,1.329621462426462
20,2580.557755102041,22.53061224489796,19.324489795918367,16,1.3078214624264617
20,2580.557755102041,22.53061224489796,20.259183673469387,16,1.2658881290931285
20,2580.557755102041,22.53061224489796,21.193877551020407,16,1.2430452719502716
20,2580.557755102041,22.53061224489796,22.12857142857143,16,1.3856619386169386
20,2580.557755102041,22.53061224489796,23.99795918367347,16,1.4394802719502722
20,2580.557755102041,22.53061224489796,24.93265306122449,16,1.4414669386169388
20,2580.557755102041,22.53061224489796,25.86734693877551,16,1.4414669386169388
20,2580.557755102041,23.020408163265305,8.108163265306121,16,1.4902537518037517
20,2580.557755102041,23.020408163265305,9.977551020408164,16,1.4526537518037517
20,2580.557755102041,23.020408163265305,10.912244897959184,16,1.3785089898989893
20,2580.557755102041,23.020408163265305,11.846938775510203,16,1.3579339898989897
20,2580.557755102041,23.020408163265305,12.781632653061225,16,1.3380006565656561
20,2580.557755102041,23.020408163265305,13.716326530612244,16,1.2774006565656562
20,2580.557755102041,23.020408163265305,14.651020408163266,16,1.3180006565656563
20,2580.557755102041,23.020408163265305,15.585714285714285,16,1.2338252719502716
20,2580.557755102041,23.020408163265305,16.52040816326531,16,1.2186252719502715
20,2580.557755102041,23.020408163265305,17.455102040816328,16,1.3050252719502717
20,2580.557755102041,23.020408163265305,18.389795918367348,16,1.329621462426462
20,2580.557755102041,23.020408163265305,19.324489795918367,16,1.3078214624264617
20,2580.557755102041,23.020408163265305,20.259183673469387,16,1.2658881290931285
20,2580.557755102041,23.020408163265305,21.193877551020407,16,1.2430452719502716
20,2580.557755102041,23.020408163265305,22.12857142857143,16,1.3856619386169386
20,2580.557755102041,23.020408163265305,23.99795918367347,16,1.4394802719502722
20,2580.557755102041,23.020408163265305,24.93265306122449,16,1.4414669386169388
20,2580.557755102041,23.020408163265305,25.86734693877551,16,1.4414669386169388
20,2580.557755102041,23.51020408163265,16.52040816326531,16,1.4916723590012222
20,2580.557755102041,23.51020408163265,19.324489795918367,16,1.4692390256678889
20,2580.557755102041,23.51020408163265,20.259183673469387,16,1.4553056923345558
20,2580.557755102041,23.51020408163265,21.193877551020407,16,1.3864723590012225
20,2580.557755102041,23.51020408163265,26.80204081632653,16,1.4514200401606425
20,2580.557755102041,23.51020408163265,27.73673469387755,16,1.4246533734939757
20,2580.557755102041,23.51020408163265,28.67142857142857,16,1.4246533734939757
20,2580.557755102041,23.51020408163265,29.60612244897959,16,1.4873644846050873
20,2580.557755102041,23.51020408163265,30.540816326530614,16,1.4873644846050873
20,2580.557755102041,24.0,16.52040816326531,16,1.4916723590012222
20,2580.557755102041,24.0,19.324489795918367,16,1.4692390256678889
20,2580.557755102041,24.0,20.259183673469387,16,1.4553056923345558
20,2580.557755102041,24.0,21.193877551020407,16,1.3864723590012225
20,2580.557755102041,24.0,26.80204081632653,16,1.4514200401606425
20,2580.557755102041,24.0,27.73673469387755,16,1.4246533734939757
20,2580.557755102041,24.0,28.67142857142857,16,1.4246533734939757
20,2580.557755102041,24.0,29.60612244897959,16,1.4873644846050873
20,2580.557755102041,24.0,30.540816326530614,16,1.4873644846050873
20,3440.743673469388,19.591836734693878,13.716326530612244,16,1.480676847041847
20,3440.743673469388,19.591836734693878,16.52040816326531,16,1.4954681290931289
20,3440.743673469388,20.081632653061224,13.716326530612244,16,1.480676847041847
20,3440.743673469388,20.081632653061224,16.52040816326531,16,1.4954681290931289
20,3440.743673469388,20.57142857142857,7.173469387755102,16,1.4983617676767673
20,3440.743673469388,20.57142857142857,8.108163265306121,16,1.4832951010101008
20,3440.743673469388,20.57142857142857,9.042857142857143,16,1.4916951010101005
20,3440.743673469388,20.57142857142857,9.977551020408164,16,1.4191855772005768
20,3440.743673469388,20.57142857142857,10.912244897959184,16,1.3191551010101004
20,3440.743673469388,20.57142857142857,11.846938775510203,16,1.3017551010101005
20,3440.743673469388,20.57142857142857,12.781632653061225,16,1.2852217676767672
20,3440.743673469388,20.57142857142857,13.716326530612244,16,1.2498217676767671
20,3440.743673469388,20.57142857142857,14.651020408163266,16,1.3570884343434337
20,3440.743673469388,20.57142857142857,15.585714285714285,16,1.2750130497280494
20,3440.743673469388,20.57142857142857,16.52040816326531,16,1.2656130497280496
20,3440.743673469388,20.57142857142857,17.455102040816328,16,1.3011130497280492
20,3440.743673469388,20.57142857142857,18.389795918367348,16,1.4144759068709063
20,3440.743673469388,20.57142857142857,19.324489795918367,16,1.3884759068709067
20,3440.743673469388,20.57142857142857,20.259183673469387,16,1.3616759068709066
20,3440.743673469388,20.57142857142857,21.193877551020407,16,1.306299716394716
20,3440.743673469388,20.57142857142857,22.12857142857143,16,1.3077030497280495
20,3440.743673469388,20.57142857142857,23.99795918367347,16,1.42648924020424
20,3440.743673469388,20.57142857142857,24.93265306122449,16,1.41508924020424
20,3440.743673469388,20.57142857142857,25.86734693877551,16,1.41508924020424
20,3440.743673469388,21.06122448979592,7.173469387755102,16,1.4983617676767673
20,3440.743673469388,21.06122448979592,8.108163265306121,16,1.4832951010101008
20,3440.743673469388,21.06122448979592,9.042857142857143,16,1.4916951010101005
20,3440.743673469388,21.06122448979592,9.977551020408164,16,1.4191855772005768
20,3440.743673469388,21.06122448979592,10.912244897959184,16,1.3191551010101004
20,3440.743673469388,21.06122448979592,11.846938775510203,16,1.3017551010101005
20,3440.743673469388,21.06122448979592,12.781632653061225,16,1.2852217676767672
20,3440.743673469388,21.06122448979592,13.716326530612244,16,1.2498217676767671
20,3440.743673469388,21.06122448979592,14.651020408163266,16,1.3570884343434337
20,3440.743673469388,21.06122448979592,15.585714285714285,16,1.2750130497280494
20,3440.743673469388,21.06122448979592,16.52040816326531,16,1.2656130497280496
20,3440.743673469388,21.06122448979592,17.455102040816328,16,1.3011130497280492
20,3440.743673469388,21.06122448979592,18.389795918367348,16,1.4144759068709063
20,3440.743673469388,21.06122448979592,19.324489795918367,16,1.3884759068709067
20,3440.743673469388,21.06122448979592,20.259183673469387,16,1.3616759068709066
20,3440.743673469388,21.06122448979592,21.193877551020407,16,1.306299716394716
20,3440.743673469388,21.06122448979592,22.12857142857143,16,1.3077030497280495
20,3440.743673469388,21.06122448979592,23.99795918367347,16,1.42648924020424
20,3440.743673469388,21.06122448979592,24.93265306122449,16,1.41508924020424
20,3440.743673469388,21.06122448979592,25.86734693877551,16,1.41508924020424
20,3440.743673469388,21.551020408163264,7.173469387755102,16,1.4944284343434342
20,3440.743673469388,21.551020408163264,8.108163265306121,16,1.4793617676767676
20,3440.743673469388,21.551020408163264,9.042857142857143,16,1.4835617676767672
20,3440.743673469388,21.551020408163264,9.977551020408164,16,1.4110522438672435
20,3440.743673469388,21.551020408163264,10.912244897959184,16,1.306621767676767
20,3440.743673469388,21.551020408163264,11.846938775510203,16,1.288046767676767
20,3440.743673469388,21.551020408163264,12.781632653061225,16,1.2651134343434338
20,3440.743673469388,21.551020408163264,13.716326530612244,16,1.229713434343434
20,3440.743673469388,21.551020408163264,14.651020408163266,16,1.3185801010101008
20,3440.743673469388,21.551020408163264,15.585714285714285,16,1.2199047163947159
20,3440.743673469388,21.551020408163264,16.52040816326531,16,1.210504716394716
20,3440.743673469388,21.551020408163264,17.455102040816328,16,1.258804716394716
20,3440.743673469388,21.551020408163264,18.389795918367348,16,1.3693009068709066
20,3440.743673469388,21.551020408163264,19.324489795918367,16,1.3433009068709065
20,3440.743673469388,21.551020408163264,20.259183673469387,16,1.3165009068709066
20,3440.743673469388,21.551020408163264,21.193877551020407,16,1.244258049728049
20,3440.743673469388,21.551020408163264,22.12857142857143,16,1.2507280497280495
20,3440.743673469388,21.551020408163264,23.06326530612245,16,1.4587047163947164
20,3440.743673469388,21.551020408163264,23.99795918367347,16,1.3000892402042399
20,3440.743673469388,21.551020408163264,24.93265306122449,16,1.2720892402042403
20,3440.743673469388,21.551020408163264,25.86734693877551,16,1.2720892402042403
20,3440.743673469388,22.04081632653061,7.173469387755102,16,1.4944284343434342
20,3440.743673469388,22.04081632653061,8.108163265306121,16,1.4793617676767676
20,3440.743673469388,22.04081632653061,9.042857142857143,16,1.4835617676767672
20,3440.743673469388,22.04081632653061,9.977551020408164,16,1.4110522438672435
20,3440.743673469388,22.04081632653061,10.912244897959184,16,1.306621767676767
20,3440.743673469388,22.04081632653061,11.846938775510203,16,1.288046767676767
20,3440.743673469388,22.04081632653061,12.781632653061225,16,1.2651134343434338
20,3440.743673469388,22.04081632653061,13.716326530612244,16,1.229713434343434
20,3440.743673469388,22.04081632653061,14.651020408163266,16,1.3185801010101008
20,3440.743673469388,22.04081632653061,15.585714285714285,16,1.2199047163947159
20,3440.743673469388,22.04081632653061,16.52040816326531,16,1.210504716394716
20,3440.743673469388,22.04081632653061,17.455102040816328,16,1.258804716394716
20,3440.743673469388,22.04081632653061,18.389795918367348,16,1.3693009068709066
20,3440.743673469388,22.04081632653061,19.324489795918367,16,1.3433009068709065
20,3440.743673469388,22.04081632653061,20.259183673469387,16,1.3165009068709066
20,3440.743673469388,22.04081632653061,21.193877551020407,16,1.244258049728049
20,3440.743673469388,22.04081632653061,22.12857142857143,16,1.2507280497280495
20,3440.743673469388,22.04081632653061,23.06326530612245,16,1.4587047163947164
20,3440.743673469388,22.04081632653061,23.99795918367347,16,1.3000892402042399
20,3440.743673469388,22.04081632653061,24.93265306122449,16,1.2720892402042403
20,3440.743673469388,22.04081632653061,25.86734693877551,16,1.2720892402042403
20,3440.743673469388,22.53061224489796,8.108163265306121,16,1.4902537518037517
20,3440.743673469388,22.53061224489796,9.977551020408164,16,1.4526537518037517
20,3440.743673469388,22.53061224489796,10.912244897959184,16,1.3785089898989893
20,3440.743673469388,22.53061224489796,11.846938775510203,16,1.3579339898989897
20,3440.743673469388,22.53061224489796,12.781632653061225,16,1.3380006565656561
20,3440.743673469388,22.53061224489796,13.716326530612244,16,1.2774006565656562
20,3440.743673469388,22.53061224489796,14.651020408163266,16,1.3180006565656563
20,3440.743673469388,22.53061224489796,15.585714285714285,16,1.2338252719502716
20,3440.743673469388,22.53061224489796,16.52040816326531,16,1.2186252719502715
20,3440.743673469388,22.53061224489796,17.455102040816328,16,1.3050252719502717
20,3440.743673469388,22.53061224489796,18.389795918367348,16,1.329621462426462
20,3440.743673469388,22.53061224489796,19.324489795918367,16,1.3078214624264617
20,3440.743673469388,22.53061224489796,20.259183673469387,16,1.2658881290931285
20,3440.743673469388,22.53061224489796,21.193877551020407,16,1.2430452719502716
20,3440.743673469388,22.53061224489796,22.12857142857143,16,1.3856619386169386
20,3440.743673469388,22.53061224489796,23.99795918367347,16,1.4394802719502722
20,3440.743673469388,22.53061224489796,24.93265306122449,16,1.4414669386169388
20,3440.743673469388,22.53061224489796,25.86734693877551,16,1.4414669386169388
20,3440.743673469388,23.020408163265305,8.108163265306121,16,1.4902537518037517
20,3440.743673469388,23.020408163265305,9.977551020408164,16,1.4526537518037517
20,3440.743673469388,23.020408163265305,10.912244897959184,16,1.3785089898989893
20,3440.743673469388,23.020408163265305,11.846938775510203,16,1.3579339898989897
20,3440.743673469388,23.020408163265305,12.781632653061225,16,1.3380006565656561
20,3440.743673469388,23.020408163265305,13.716326530612244,16,1.2774006565656562
20,3440.743673469388,23.020408163265305,14.651020408163266,16,1.3180006565656563
20,3440.743673469388,23.020408163265305,15.585714285714285,16,1.2338252719502716
20,3440.743673469388,23.020408163265305,16.52040816326531,16,1.2186252719502715
20,3440.743673469388,23.020408163265305,17.455102040816328,16,1.3050252719502717
20,3440.743673469388,23.020408163265305,18.389795918367348,16,1.329621462426462
20,3440.743673469388,23.020408163265305,19.324489795918367,16,1.3078214624264617
20,3440.743673469388,23.020408163265305,20.259183673469387,16,1.2658881290931285
20,3440.743673469388,23.020408163265305,21.193877551020407,16,1.2430452719502716
20,3440.743673469388,23.020408163265305,22.12857142857143,16,1.3856619386169386
20,3440.743673469388,23.020408163265305,23.99795918367347,16,1.4394802719502722
20,3440.743673469388,23.020408163265305,24.93265306122449,16,1.4414669386169388
20,3440.743673469388,23.020408163265305,25.86734693877551,16,1.4414669386169388
20,3440.743673469388,23.51020408163265,16.52040816326531,16,1.4916723590012222
20,3440.743673469388,23.51020408163265,19.324489795918367,16,1.4692390256678889
20,3440.743673469388,23.51020408163265,20.259183673469387,16,1.4553056923345558
20,3440.743673469388,23.51020408163265,21.193877551020407,16,1.3864723590012225
20,3440.743673469388,23.51020408163265,26.80204081632653,16,1.4514200401606425
20,3440.743673469388,23.51020408163265,27.73673469387755,16,1.4246533734939757
20,3440.743673469388,23.51020408163265,28.67142857142857,16,1.4246533734939757
20,3440.743673469388,23.51020408163265,29.60612244897959,16,1.4873644846050873
20,3440.743673469388,23.51020408163265,30.540816326530614,16,1.4873644846050873
20,3440.743673469388,24.0,16.52040816326531,16,1.4916723590012222
20,3440.743673469388,24.0,19.324489795918367,16,1.4692390256678889
20,3440.743673469388,24.0,20.259183673469387,16,1.4553056923345558
20,3440.743673469388,24.0,21.193877551020407,16,1.3864723590012225
20,3440.743673469388,24.0,26.80204081632653,16,1.4514200401606425
20,3440.743673469388,24.0,27.73673469387755,16,1.4246533734939757
20,3440.743673469388,24.0,28.67142857142857,16,1.4246533734939757
20,3440.743673469388,24.0,29.60612244897959,16,1.4873644846050873
20,3440.743673469388,24.0,30.540816326530614,16,1.4873644846050873
20,4300.929591836735,19.591836734693878,13.716326530612244,16,1.480676847041847
20,4300.929591836735,19.591836734693878,16.52040816326531,16,1.4954681290931289
20,4300.929591836735,20.081632653061224,13.716326530612244,16,1.480676847041847
20,4300.929591836735,20.081632653061224,16.52040816326531,16,1.4954681290931289
20,4300.929591836735,20.57142857142857,7.173469387755102,16,1.4983617676767673
20,4300.929591836735,20.57142857142857,8.108163265306121,16,1.4832951010101008
20,4300.929591836735,20.57142857142857,9.042857142857143,16,1.4916951010101005
20,4300.929591836735,20.57142857142857,9.977551020408164,16,1.4191855772005768
20,4300.929591836735,20.57142857142857,10.912244897959184,16,1.3191551010101004
20,4300.929591836735,20.57142857142857,11.846938775510203,16,1.3017551010101005
20,4300.929591836735,20.57142857142857,12.781632653061225,16,1.2852217676767672
20,4300.929591836735,20.57142857142857,13.716326530612244,16,1.2498217676767671
20,4300.929591836735,20.57142857142857,14.651020408163266,16,1.3570884343434337
20,4300.929591836735,20.57142857142857,15.585714285714285,16,1.2750130497280494
20,4300.929591836735,20.57142857142857,16.52040816326531,16,1.2656130497280496
20,4300.929591836735,20.57142857142857,17.455102040816328,16,1.3011130497280492
20,4300.929591836735,20.57142857142857,18.389795918367348,16,1.4144759068709063
20,4300.929591836735,20.57142857142857,19.324489795918367,16,1.3884759068709067
20,4300.929591836735,20.57142857142857,20.259183673469387,16,1.3616759068709066
20,4300.929591836735,20.57142857142857,21.193877551020407,16,1.306299716394716
20,4300.929591836735,20.57142857142857,22.12857142857143,16,1.3077030497280495
20,4300.929591836735,20.57142857142857,23.99795918367347,16,1.42648924020424
20,4300.929591836735,20.57142857142857,24.93265306122449,16,1.41508924020424
20,4300.929591836735,20.57142857142857,25.86734693877551,16,1.41508924020424
20,4300.929591836735,21.06122448979592,7.173469387755102,16,1.4983617676767673
20,4300.929591836735,21.06122448979592,8.108163265306121,16,1.4832951010101008
20,4300.929591836735,21.06122448979592,9.042857142857143,16,1.4916951010101005
20,4300.929591836735,21.06122448979592,9.977551020408164,16,1.4191855772005768
20,4300.929591836735,21.06122448979592,10.912244897959184,16,1.3191551010101004
20,4300.929591836735,21.06122448979592,11.846938775510203,16,1.3017551010101005
20,4300.929591836735,21.06122448979592,12.781632653061225,16,1.2852217676767672
20,4300.929591836735,21.06122448979592,13.716326530612244,16,1.2498217676767671
20,4300.929591836735,21.06122448979592,14.651020408163266,16,1.3570884343434337
20,4300.929591836735,21.06122448979592,15.585714285714285,16,1.2750130497280494
20,4300.929591836735,21.06122448979592,16.52040816326531,16,1.2656130497280496
20,4300.929591836735,21.06122448979592,17.455102040816328,16,1.3011130497280492
20,4300.929591836735,21.06122448979592,18.389795918367348,16,1.4144759068709063
20,4300.929591836735,21.06122448979592,19.324489795918367,16,1.3884759068709067
20,4300.929591836735,21.06122448979592,20.259183673469387,16,1.3616759068709066
20,4300.929591836735,21.06122448979592,21.193877551020407,16,1.306299716394716
20,4300.929591836735,21.06122448979592,22.12857142857143,16,1.3077030497280495
20,4300.929591836735,21.06122448979592,23.99795918367347,16,1.42648924020424
20,4300.929591836735,21.06122448979592,24.93265306122449,16,1.41508924020424
20,4300.929591836735,21.06122448979592,25.86734693877551,16,1.41508924020424
20,4300.929591836735,21.551020408163264,7.173469387755102,16,1.4944284343434342
20,4300.929591836735,21.551020408163264,8.108163265306121,16,1.4793617676767676
20,4300.929591836735,21.551020408163264,9.042857142857143,16,1.4835617676767672
20,4300.929591836735,21.551020408163264,9.977551020408164,16,1.4110522438672435
20,4300.929591836735,21.551020408163264,10.912244897959184,16,1.306621767676767
20,4300.929591836735,21.551020408163264,11.846938775510203,16,1.288046767676767
20,4300.929591836735,21.551020408163264,12.781632653061225,16,1.2651134343434338
20,4300.929591836735,21.551020408163264,13.716326530612244,16,1.229713434343434
20,4300.929591836735,21.551020408163264,14.651020408163266,16,1.3185801010101008
20,4300.929591836735,21.551020408163264,15.585714285714285,16,1.2199047163947159
20,4300.929591836735,21.551020408163264,16.52040816326531,16,1.210504716394716
20,4300.929591836735,21.551020408163264,17.455102040816328,16,1.258804716394716
20,4300.929591836735,21.551020408163264,18.389795918367348,16,1.3693009068709066
20,4300.929591836735,21.551020408163264,19.324489795918367,16,1.3433009068709065
20,4300.929591836735,21.551020408163264,20.259183673469387,16,1.3165009068709066
20,4300.929591836735,21.551020408163264,21.193877551020407,16,1.244258049728049
20,4300.929591836735,21.551020408163264,22.12857142857143,16,1.2507280497280495
20,4300.929591836735,21.551020408163264,23.06326530612245,16,1.4587047163947164
20,4300.929591836735,21.551020408163264,23.99795918367347,16,1.3000892402042399
20,4300.929591836735,21.551020408163264,24.93265306122449,16,1.2720892402042403
20,4300.929591836735,21.551020408163264,25.86734693877551,16,1.2720892402042403
20,4300.929591836735,22.04081632653061,7.173469387755102,16,1.4944284343434342
20,4300.929591836735,22.04081632653061,8.108163265306121,16,1.4793617676767676
20,4300.929591836735,22.04081632653061,9.042857142857143,16,1.4835617676767672
20,4300.929591836735,22.04081632653061,9.977551020408164,16,1.4110522438672435
20,4300.929591836735,22.04081632653061,10.912244897959184,16,1.306621767676767
20,4300.929591836735,22.04081632653061,11.846938775510203,16,1.288046767676767
20,4300.929591836735,22.04081632653061,12.781632653061225,16,1.2651134343434338
20,4300.929591836735,22.04081632653061,13.716326530612244,16,1.229713434343434
20,4300.929591836735,22.04081632653061,14.651020408163266,16,1.3185801010101008
20,4300.929591836735,22.04081632653061,15.585714285714285,16,1.2199047163947159
20,4300.929591836735,22.04081632653061,16.52040816326531,16,1.210504716394716
20,4300.929591836735,22.04081632653061,17.455102040816328,16,1.258804716394716
20,4300.929591836735,22.04081632653061,18.389795918367348,16,1.3693009068709066
20,4300.929591836735,22.04081632653061,19.324489795918367,16,1.3433009068709065
20,4300.929591836735,22.04081632653061,20.259183673469387,16,1.3165009068709066
20,4300.929591836735,22.04081632653061,21.193877551020407,16,1.244258049728049
20,4300.929591836735,22.04081632653061,22.12857142857143,16,1.2507280497280495
20,4300.929591836735,22.04081632653061,23.06326530612245,16,1.4587047163947164
20,4300.929591836735,22.04081632653061,23.99795918367347,16,1.3000892402042399
20,4300.929591836735,22.04081632653061,24.93265306122449,16,1.2720892402042403
20,4300.929591836735,22.04081632653061,25.86734693877551,16,1.2720892402042403
20,4300.929591836735,22.53061224489796,8.108163265306121,16,1.4902537518037517
20,4300.929591836735,22.53061224489796,9.977551020408164,16,1.4526537518037517
20,4300.929591836735,22.53061224489796,10.912244897959184,16,1.3785089898989893
20,4300.929591836735,22.53061224489796,11.846938775510203,16,1.3579339898989897
20,4300.929591836735,22.53061224489796,12.781632653061225,16,1.3380006565656561
20,4300.929591836735,22.53061224489796,13.716326530612244,16,1.2774006565656562
20,4300.929591836735,22.53061224489796,14.651020408163266,16,1.3180006565656563
20,4300.929591836735,22.53061224489796,15.585714285714285,16,1.2338252719502716
20,4300.929591836735,22.53061224489796,16.52040816326531,16,1.2186252719502715
20,4300.929591836735,22.53061224489796,17.455102040816328,16,1.3050252719502717
20,4300.929591836735,22.53061224489796,18.389795918367348,16,1.329621462426462
20,4300.929591836735,22.53061224489796,19.324489795918367,16,1.3078214624264617
20,4300.929591836735,22.53061224489796,20.259183673469387,16,1.2658881290931285
20,4300.929591836735,22.53061224489796,21.193877551020407,16,1.2430452719502716
20,4300.929591836735,22.53061224489796,22.12857142857143,16,1.3856619386169386
20,4300.929591836735,22.53061224489796,23.99795918367347,16,1.4394802719502722
20,4300.929591836735,22.53061224489796,24.93265306122449,16,1.4414669386169388
20,4300.929591836735,22.53061224489796,25.86734693877551,16,1.4414669386169388
20,4300.929591836735,23.020408163265305,8.108163265306121,16,1.4902537518037517
20,4300.929591836735,23.020408163265305,9.977551020408164,16,1.4526537518037517
20,4300.929591836735,23.020408163265305,10.912244897959184,16,1.3785089898989893
20,4300.929591836735,23.020408163265305,11.846938775510203,16,1.3579339898989897
20,4300.929591836735,23.020408163265305,12.781632653061225,16,1.3380006565656561
20,4300.929591836735,23.020408163265305,13.716326530612244,16,1.2774006565656562
20,4300.929591836735,23.020408163265305,14.651020408163266,16,1.3180006565656563
20,4300.929591836735,23.020408163265305,15.585714285714285,16,1.2338252719502716
20,4300.929591836735,23.020408163265305,16.52040816326531,16,1.2186252719502715
20,4300.929591836735,23.020408163265305,17.455102040816328,16,1.3050252719502717
20,4300.929591836735,23.020408163265305,18.389795918367348,16,1.329621462426462
20,4300.929591836735,23.020408163265305,19.324489795918367,16,1.3078214624264617
20,4300.929591836735,23.020408163265305,20.259183673469387,16,1.2658881290931285
20,4300.929591836735,23.020408163265305,21.193877551020407,16,1.2430452719502716
20,4300.929591836735,23.020408163265305,22.12857142857143,16,1.3856619386169386
20,4300.929591836735,23.020408163265305,23.99795918367347,16,1.4394802719502722
20,4300.929591836735,23.020408163265305,24.93265306122449,16,1.4414669386169388
20,4300.929591836735,23.020408163265305,25.86734693877551,16,1.4414669386169388
20,4300.929591836735,23.51020408163265,16.52040816326531,16,1.4916723590012222
20,4300.929591836735,23.51020408163265,19.324489795918367,16,1.4692390256678889
20,4300.929591836735,23.51020408163265,20.259183673469387,16,1.4553056923345558
20,4300.929591836735,23.51020408163265,21.193877551020407,16,1.3864723590012225
20,4300.929591836735,23.51020408163265,26.80204081632653,16,1.4514200401606425
20,4300.929591836735,23.51020408163265,27.73673469387755,16,1.4246533734939757
20,4300.929591836735,23.51020408163265,28.67142857142857,16,1.4246533734939757
20,4300.929591836735,23.51020408163265,29.60612244897959,16,1.4873644846050873
20,4300.929591836735,23.51020408163265,30.540816326530614,16,1.4873644846050873
20,4300.929591836735,24.0,16.52040816326531,16,1.4916723590012222
20,4300.929591836735,24.0,19.324489795918367,16,1.4692390256678889
20,4300.929591836735,24.0,20.259183673469387,16,1.4553056923345558
20,4300.929591836735,24.0,21.193877551020407,16,1.3864723590012225
20,4300.929591836735,24.0,26.80204081632653,16,1.4514200401606425
20,4300.929591836735,24.0,27.73673469387755,16,1.4246533734939757
20,4300.929591836735,24.0,28.67142857142857,16,1.4246533734939757
20,4300.929591836735,24.0,29.60612244897959,16,1.4873644846050873
20,4300.929591836735,24.0,30.540816326530614,16,1.4873644846050873
20,5161.115510204082,19.591836734693878,13.716326530612244,16,1.480676847041847
20,5161.115510204082,19.591836734693878,16.52040816326531,16,1.4954681290931289
20,5161.115510204082,20.081632653061224,13.716326530612244,16,1.480676847041847
20,5161.115510204082,20.081632653061224,16.52040816326531,16,1.4954681290931289
20,5161.115510204082,20.57142857142857,7.173469387755102,16,1.4983617676767673
20,5161.115510204082,20.57142857142857,8.108163265306121,16,1.4832951010101008
20,5161.115510204082,20.57142857142857,9.042857142857143,16,1.4916951010101005
20,5161.115510204082,20.57142857142857,9.977551020408164,16,1.4191855772005768
20,5161.115510204082,20.57142857142857,10.912244897959184,16,1.3191551010101004
20,5161.115510204082,20.57142857142857,11.846938775510203,16,1.3017551010101005
20,5161.115510204082,20.57142857142857,12.781632653061225,16,1.2852217676767672
20,5161.115510204082,20.57142857142857,13.716326530612244,16,1.2498217676767671
20,5161.115510204082,20.57142857142857,14.651020408163266,16,1.3570884343434337
20,5161.115510204082,20.57142857142857,15.585714285714285,16,1.2750130497280494
20,5161.115510204082,20.57142857142857,16.52040816326531,16,1.2656130497280496
20,5161.115510204082,20.57142857142857,17.455102040816328,16,1.3011130497280492
20,5161.115510204082,20.57142857142857,18.389795918367348,16,1.4144759068709063
20,5161.115510204082,20.57142857142857,19.324489795918367,16,1.3884759068709067
20,5161.115510204082,20.57142857142857,20.259183673469387,16,1.3616759068709066
20,5161.115510204082,20.57142857142857,21.193877551020407,16,1.306299716394716
20,5161.115510204082,20.57142857142857,22.12857142857143,16,1.3077030497280495
20,5161.115510204082,20.57142857142857,23.99795918367347,16,1.42648924020424
20,5161.115510204082,20.57142857142857,24.93265306122449,16,1.41508924020424
20,5161.115510204082,20.57142857142857,25.86734693877551,16,1.41508924020424
20,5161.115510204082,21.06122448979592,7.173469387755102,16,1.4983617676767673
20,5161.115510204082,21.06122448979592,8.108163265306121,16,1.4832951010101008
20,5161.115510204082,21.06122448979592,9.042857142857143,16,1.4916951010101005
20,5161.115510204082,21.06122448979592,9.977551020408164,16,1.4191855772005768
20,5161.115510204082,21.06122448979592,10.912244897959184,16,1.3191551010101004
20,5161.115510204082,21.06122448979592,11.846938775510203,16,1.3017551010101005
20,5161.115510204082,21.06122448979592,12.781632653061225,16,1.2852217676767672
20,5161.115510204082,21.06122448979592,13.716326530612244,16,1.2498217676767671
20,5161.115510204082,21.06122448979592,14.651020408163266,16,1.3570884343434337
20,5161.115510204082,21.06122448979592,15.585714285714285,16,1.2750130497280494
20,5161.115510204082,21.06122448979592,16.52040816326531,16,1.2656130497280496
20,5161.115510204082,21.06122448979592,17.455102040816328,16,1.3011130497280492
20,5161.115510204082,21.06122448979592,18.389795918367348,16,1.4144759068709063
20,5161.115510204082,21.06122448979592,19.324489795918367,16,1.3884759068709067
20,5161.115510204082,21.06122448979592,20.259183673469387,16,1.3616759068709066
20,5161.115510204082,21.06122448979592,21.193877551020407,16,1.306299716394716
20,5161.115510204082,21.06122448979592,22.12857142857143,16,1.3077030497280495
20,5161.115510204082,21.06122448979592,23.99795918367347,16,1.42648924020424
20,5161.115510204082,21.06122448979592,24.93265306122449,16,1.41508924020424
20,5161.115510204082,21.06122448979592,25.86734693877551,16,1.41508924020424
20,5161.115510204082,21.551020408163264,7.173469387755102,16,1.4944284343434342
20,5161.115510204082,21.551020408163264,8.108163265306121,16,1.4793617676767676
20,5161.115510204082,21.551020408163264,9.042857142857143,16,1.4835617676767672
20,5161.115510204082,21.551020408163264,9.977551020408164,16,1.4110522438672435
20,5161.115510204082,21.551020408163264,10.912244897959184,16,1.306621767676767
20,5161.115510204082,21.551020408163264,11.846938775510203,16,1.288046767676767
20,5161.115510204082,21.551020408163264,12.781632653061225,16,1.2651134343434338
20,5161.115510204082,21.551020408163264,13.716326530612244,16,1.229713434343434
20,5161.115510204082,21.551020408163264,14.651020408163266,16,1.3185801010101008
20,5161.115510204082,21.551020408163264,15.585714285714285,16,1.2199047163947159
20,5161.115510204082,21.551020408163264,16.52040816326531,16,1.210504716394716
20,5161.115510204082,21.551020408163264,17.455102040816328,16,1.258804716394716
20,5161.115510204082,21.551020408163264,18.389795918367348,16,1.3693009068709066
20,5161.115510204082,21.551020408163264,19.324489795918367,16,1.3433009068709065
20,5161.115510204082,21.551020408163264,20.259183673469387,16,1.3165009068709066
20,5161.115510204082,21.551020408163264,21.193877551020407,16,1.244258049728049
20,5161.115510204082,21.551020408163264,22.12857142857143,16,1.2507280497280495
20,5161.115510204082,21.551020408163264,23.06326530612245,16,1.4587047163947164
20,5161.115510204082,21.551020408163264,23.99795918367347,16,1.3000892402042399
20,5161.115510204082,21.551020408163264,24.93265306122449,16,1.2720892402042403
20,5161.115510204082,21.551020408163264,25.86734693877551,16,1.2720892402042403
20,5161.115510204082,22.04081632653061,7.173469387755102,16,1.4944284343434342
20,5161.115510204082,22.04081632653061,8.108163265306121,16,1.4793617676767676
20,5161.115510204082,22.04081632653061,9.042857142857143,16,1.4835617676767672
20,5161.115510204082,22.04081632653061,9.977551020408164,16,1.4110522438672435
20,5161.115510204082,22.04081632653061,10.912244897959184,16,1.306621767676767
20,5161.115510204082,22.04081632653061,11.846938775510203,16,1.288046767676767
20,5161.115510204082,22.04081632653061,12.781632653061225,16,1.2651134343434338
20,5161.115510204082,22.04081632653061,13.716326530612244,16,1.229713434343434
20,5161.115510204082,22.04081632653061,14.651020408163266,16,1.3185801010101008
20,5161.115510204082,22.04081632653061,15.585714285714285,16,1.2199047163947159
20,5161.115510204082,22.04081632653061,16.52040816326531,16,1.210504716394716
20,5161.115510204082,22.04081632653061,17.455102040816328,16,1.258804716394716
20,5161.115510204082,22.04081632653061,18.389795918367348,16,1.3693009068709066
20,5161.115510204082,22.04081632653061,19.324489795918367,16,1.3433009068709065
20,5161.115510204082,22.04081632653061,20.259183673469387,16,1.3165009068709066
20,5161.115510204082,22.04081632653061,21.193877551020407,16,1.244258049728049
20,5161.115510204082,22.04081632653061,22.12857142857143,16,1.2507280497280495
20,5161.115510204082,22.04081632653061,23.06326530612245,16,1.4587047163947164
20,5161.115510204082,22.04081632653061,23.99795918367347,16,1.3000892402042399
20,5161.115510204082,22.04081632653061,24.93265306122449,16,1.2720892402042403
20,5161.115510204082,22.04081632653061,25.86734693877551,16,1.2720892402042403
20,5161.115510204082,22.53061224489796,8.108163265306121,16,1.4902537518037517
20,5161.115510204082,22.53061224489796,9.977551020408164,16,1.4526537518037517
20,5161.115510204082,22.53061224489796,10.912244897959184,16,1.3785089898989893
20,5161.115510204082,22.53061224489796,11.846938775510203,16,1.3579339898989897
20,5161.115510204082,22.53061224489796,12.781632653061225,16,1.3380006565656561
20,5161.115510204082,22.53061224489796,13.716326530612244,16,1.2774006565656562
20,5161.115510204082,22.53061224489796,14.651020408163266,16,1.3180006565656563
20,5161.115510204082,22.53061224489796,15.585714285714285,16,1.2338252719502716
20,5161.115510204082,22.53061224489796,16.52040816326531,16,1.2186252719502715
20,5161.115510204082,22.53061224489796,17.455102040816328,16,1.3050252719502717
20,5161.115510204082,22.53061224489796,18.389795918367348,16,1.329621462426462
20,5161.115510204082,22.53061224489796,19.324489795918367,16,1.3078214624264617
20,5161.115510204082,22.53061224489796,20.259183673469387,16,1.2658881290931285
20,5161.115510204082,22.53061224489796,21.193877551020407,16,1.2430452719502716
20,5161.115510204082,22.53061224489796,22.12857142857143,16,1.3856619386169386
20,5161.115510204082,22.53061224489796,23.99795918367347,16,1.4394802719502722
20,5161.115510204082,22.53061224489796,24.93265306122449,16,1.4414669386169388
20,5161.115510204082,22.53061224489796,25.86734693877551,16,1.4414669386169388
20,5161.115510204082,23.020408163265305,8.108163265306121,16,1.4902537518037517
20,5161.115510204082,23.020408163265305,9.977551020408164,16,1.4526537518037517
20,5161.115510204082,23.020408163265305,10.912244897959184,16,1.3785089898989893
20,5161.115510204082,23.020408163265305,11.846938775510203,16,1.3579339898989897
20,5161.115510204082,23.020408163265305,12.781632653061225,16,1.3380006565656561
20,5161.115510204082,23.020408163265305,13.716326530612244,16,1.2774006565656562
20,5161.115510204082,23.020408163265305,14.651020408163266,16,1.3180006565656563
20,5161.115510204082,23.020408163265305,15.585714285714285,16,1.2338252719502716
20,5161.115510204082,23.020408163265305,16.52040816326531,16,1.2186252719502715
20,5161.115510204082,23.020408163265305,17.455102040816328,16,1.3050252719502717
20,5161.115510204082,23.020408163265305,18.389795918367348,16,1.329621462426462
20,5161.115510204082,23.020408163265305,19.324489795918367,16,1.3078214624264617
20,5161.115510204082,23.020408163265305,20.259183673469387,16,1.2658881290931285
20,5161.115510204082,23.020408163265305,21.193877551020407,16,1.2430452719502716
20,5161.115510204082,23.020408163265305,22.12857142857143,16,1.3856619386169386
20,5161.115510204082,23.020408163265305,23.99795918367347,16,1.4394802719502722
20,5161.115510204082,23.020408163265305,24.93265306122449,16,1.4414669386169388
20,5161.115510204082,23.020408163265305,25.86734693877551,16,1.4414669386169388
20,5161.115510204082,23.51020408163265,16.52040816326531,16,1.4916723590012222
20,5161.115510204082,23.51020408163265,19.324489795918367,16,1.4692390256678889
20,5161.115510204082,23.51020408163265,20.259183673469387,16,1.4553056923345558
20,5161.115510204082,23.51020408163265,21.193877551020407,16,1.3864723590012225
20,5161.115510204082,23.51020408163265,26.80204081632653,16,1.4514200401606425
20,5161.115510204082,23.51020408163265,27.73673469387755,16,1.4246533734939757
20,5161.115510204082,23.51020408163265,28.67142857142857,16,1.4246533734939757
20,5161.115510204082,23.51020408163265,29.60612244897959,16,1.4873644846050873
20,5161.115510204082,23.51020408163265,30.540816326530614,16,1.4873644846050873
20,5161.115510204082,24.0,16.52040816326531,16,1.4916723590012222
20,5161.115510204082,24.0,19.324489795918367,16,1.4692390256678889
20,5161.115510204082,24.0,20.259183673469387,16,1.4553056923345558
20,5161.115510204082,24.0,21.193877551020407,16,1.3864723590012225
20,5161.115510204082,24.0,26.80204081632653,16,1.4514200401606425
20,5161.115510204082,24.0,27.73673469387755,16,1.4246533734939757
20,5161.115510204082,24.0,28.67142857142857,16,1.4246533734939757
20,5161.115510204082,24.0,29.60612244897959,16,1.4873644846050873
20,5161.115510204082,24.0,30.540816326530614,16,1.4873644846050873
20,6021.301428571429,19.591836734693878,13.716326530612244,16,1.480676847041847
20,6021.301428571429,19.591836734693878,16.52040816326531,16,1.4954681290931289
20,6021.301428571429,20.081632653061224,13.716326530612244,16,1.480676847041847
20,6021.301428571429,20.081632653061224,16.52040816326531,16,1.4954681290931289
20,6021.301428571429,20.57142857142857,7.173469387755102,16,1.4983617676767673
20,6021.301428571429,20.57142857142857,8.108163265306121,16,1.4832951010101008
20,6021.301428571429,20.57142857142857,9.042857142857143,16,1.4916951010101005
20,6021.301428571429,20.57142857142857,9.977551020408164,16,1.4191855772005768
20,6021.301428571429,20.57142857142857,10.912244897959184,16,1.3191551010101004
20,6021.301428571429,20.57142857142857,11.846938775510203,16,1.3017551010101005
20,6021.301428571429,20.57142857142857,12.781632653061225,16,1.2852217676767672
20,6021.301428571429,20.57142857142857,13.716326530612244,16,1.2498217676767671
20,6021.301428571429,20.57142857142857,14.651020408163266,16,1.3570884343434337
20,6021.301428571429,20.57142857142857,15.585714285714285,16,1.2750130497280494
20,6021.301428571429,20.57142857142857,16.52040816326531,16,1.2656130497280496
20,6021.301428571429,20.57142857142857,17.455102040816328,16,1.3011130497280492
20,6021.301428571429,20.57142857142857,18.389795918367348,16,1.4144759068709063
20,6021.301428571429,20.57142857142857,19.324489795918367,16,1.3884759068709067
20,6021.301428571429,20.57142857142857,20.259183673469387,16,1.3616759068709066
20,6021.301428571429,20.57142857142857,21.193877551020407,16,1.306299716394716
20,6021.301428571429,20.57142857142857,22.12857142857143,16,1.3077030497280495
20,6021.301428571429,20.57142857142857,23.99795918367347,16,1.42648924020424
20,6021.301428571429,20.57142857142857,24.93265306122449,16,1.41508924020424
20,6021.301428571429,20.57142857142857,25.86734693877551,16,1.41508924020424
20,6021.301428571429,21.06122448979592,7.173469387755102,16,1.4983617676767673
20,6021.301428571429,21.06122448979592,8.108163265306121,16,1.4832951010101008
20,6021.301428571429,21.06122448979592,9.042857142857143,16,1.4916951010101005
20,6021.301428571429,21.06122448979592,9.977551020408164,16,1.4191855772005768
20,6021.301428571429,21.06122448979592,10.912244897959184,16,1.3191551010101004
20,6021.301428571429,21.06122448979592,11.846938775510203,16,1.3017551010101005
20,6021.301428571429,21.06122448979592,12.781632653061225,16,1.2852217676767672
20,6021.301428571429,21.06122448979592,13.716326530612244,16,1.2498217676767671
20,6021.301428571429,21.06122448979592,14.651020408163266,16,1.3570884343434337
20,6021.301428571429,21.06122448979592,15.585714285714285,16,1.2750130497280494
20,6021.301428571429,21.06122448979592,16.52040816326531,16,1.2656130497280496
20,6021.301428571429,21.06122448979592,17.455102040816328,16,1.3011130497280492
20,6021.301428571429,21.06122448979592,18.389795918367348,16,1.4144759068709063
20,6021.301428571429,21.06122448979592,19.324489795918367,16,1.3884759068709067
20,6021.301428571429,21.06122448979592,20.259183673469387,16,1.3616759068709066
20,6021.301428571429,21.06122448979592,21.193877551020407,16,1.306299716394716
20,6021.301428571429,21.06122448979592,22.12857142857143,16,1.3077030497280495
20,6021.301428571429,21.06122448979592,23.99795918367347,16,1.42648924020424
20,6021.301428571429,21.06122448979592,24.93265306122449,16,1.41508924020424
20,6021.301428571429,21.06122448979592,25.86734693877551,16,1.41508924020424
20,6021.301428571429,21.551020408163264,7.173469387755102,16,1.4944284343434342
20,6021.301428571429,21.551020408163264,8.108163265306121,16,1.4793617676767676
20,6021.301428571429,21.551020408163264,9.042857142857143,16,1.4835617676767672
20,6021.301428571429,21.551020408163264,9.977551020408164,16,1.4110522438672435
20,6021.301428571429,21.551020408163264,10.912244897959184,16,1.306621767676767
20,6021.301428571429,21.551020408163264,11.846938775510203,16,1.288046767676767
20,6021.301428571429,21.551020408163264,12.781632653061225,16,1.2651134343434338
20,6021.301428571429,21.551020408163264,13.716326530612244,16,1.229713434343434
20,6021.301428571429,21.551020408163264,14.651020408163266,16,1.3185801010101008
20,6021.301428571429,21.551020408163264,15.585714285714285,16,1.2199047163947159
20,6021.301428571429,21.551020408163264,16.52040816326531,16,1.210504716394716
20,6021.301428571429,21.551020408163264,17.455102040816328,16,1.258804716394716
20,6021.301428571429,21.551020408163264,18.389795918367348,16,1.3693009068709066
20,6021.301428571429,21.551020408163264,19.324489795918367,16,1.3433009068709065
20,6021.301428571429,21.551020408163264,20.259183673469387,16,1.3165009068709066
20,6021.301428571429,21.551020408163264,21.193877551020407,16,1.244258049728049
20,6021.301428571429,21.551020408163264,22.12857142857143,16,1.2507280497280495
20,6021.301428571429,21.551020408163264,23.06326530612245,16,1.4587047163947164
20,6021.301428571429,21.551020408163264,23.99795918367347,16,1.3000892402042399
20,6021.301428571429,21.551020408163264,24.93265306122449,16,1.2720892402042403
20,6021.301428571429,21.551020408163264,25.86734693877551,16,1.2720892402042403
20,6021.301428571429,22.04081632653061,7.173469387755102,16,1.4944284343434342
20,6021.301428571429,22.04081632653061,8.108163265306121,16,1.4793617676767676
20,6021.301428571429,22.04081632653061,9.042857142857143,16,1.4835617676767672
20,6021.301428571429,22.04081632653061,9.977551020408164,16,1.4110522438672435
20,6021.301428571429,22.04081632653061,10.912244897959184,16,1.306621767676767
20,6021.301428571429,22.04081632653061,11.846938775510203,16,1.288046767676767
20,6021.301428571429,22.04081632653061,12.781632653061225,16,1.2651134343434338
20,6021.301428571429,22.04081632653061,13.716326530612244,16,1.229713434343434
20,6021.301428571429,22.04081632653061,14.651020408163266,16,1.3185801010101008
20,6021.301428571429,22.04081632653061,15.585714285714285,16,1.2199047163947159
20,6021.301428571429,22.04081632653061,16.52040816326531,16,1.210504716394716
20,6021.301428571429,22.04081632653061,17.455102040816328,16,1.258804716394716
20,6021.301428571429,22.04081632653061,18.389795918367348,16,1.3693009068709066
20,6021.301428571429,22.04081632653061,19.324489795918367,16,1.3433009068709065
20,6021.301428571429,22.04081632653061,20.259183673469387,16,1.3165009068709066
20,6021.301428571429,22.04081632653061,21.193877551020407,16,1.244258049728049
20,6021.301428571429,22.04081632653061,22.12857142857143,16,1.2507280497280495
20,6021.301428571429,22.04081632653061,23.06326530612245,16,1.4587047163947164
20,6021.301428571429,22.04081632653061,23.99795918367347,16,1.3000892402042399
20,6021.301428571429,22.04081632653061,24.93265306122449,16,1.2720892402042403
20,6021.301428571429,22.04081632653061,25.86734693877551,16,1.2720892402042403
20,6021.301428571429,22.53061224489796,8.108163265306121,16,1.4902537518037517
20,6021.301428571429,22.53061224489796,9.977551020408164,16,1.4526537518037517
20,6021.301428571429,22.53061224489796,10.912244897959184,16,1.3785089898989893
20,6021.301428571429,22.53061224489796,11.846938775510203,16,1.3579339898989897
20,6021.301428571429,22.53061224489796,12.781632653061225,16,1.3380006565656561
20,6021.301428571429,22.53061224489796,13.716326530612244,16,1.2774006565656562
20,6021.301428571429,22.53061224489796,14.651020408163266,16,1.3180006565656563
20,6021.301428571429,22.53061224489796,15.585714285714285,16,1.2338252719502716
20,6021.301428571429,22.53061224489796,16.52040816326531,16,1.2186252719502715
20,6021.301428571429,22.53061224489796,17.455102040816328,16,1.3050252719502717
20,6021.301428571429,22.53061224489796,18.389795918367348,16,1.329621462426462
20,6021.301428571429,22.53061224489796,19.324489795918367,16,1.3078214624264617
20,6021.301428571429,22.53061224489796,20.259183673469387,16,1.2658881290931285
20,6021.301428571429,22.53061224489796,21.193877551020407,16,1.2430452719502716
20,6021.301428571429,22.53061224489796,22.12857142857143,16,1.3856619386169386
20,6021.301428571429,22.53061224489796,23.99795918367347,16,1.4394802719502722
20,6021.301428571429,22.53061224489796,24.93265306122449,16,1.4414669386169388
20,6021.301428571429,22.53061224489796,25.86734693877551,16,1.4414669386169388
20,6021.301428571429,23.020408163265305,8.108163265306121,16,1.4902537518037517
20,6021.301428571429,23.020408163265305,9.977551020408164,16,1.4526537518037517
20,6021.301428571429,23.020408163265305,10.912244897959184,16,1.3785089898989893
20,6021.301428571429,23.020408163265305,11.846938775510203,16,1.3579339898989897
20,6021.301428571429,23.020408163265305,12.781632653061225,16,1.3380006565656561
20,6021.301428571429,23.020408163265305,13.716326530612244,16,1.2774006565656562
20,6021.301428571429,23.020408163265305,14.651020408163266,16,1.3180006565656563
20,6021.301428571429,23.020408163265305,15.585714285714285,16,1.2338252719502716
20,6021.301428571429,23.020408163265305,16.52040816326531,16,1.2186252719502715
20,6021.301428571429,23.020408163265305,17.455102040816328,16,1.3050252719502717
20,6021.301428571429,23.020408163265305,18.389795918367348,16,1.329621462426462
20,6021.301428571429,23.020408163265305,19.324489795918367,16,1.3078214624264617
20,6021.301428571429,23.020408163265305,20.259183673469387,16,1.2658881290931285
20,6021.301428571429,23.020408163265305,21.193877551020407,16,1.2430452719502716
20,6021.301428571429,23.020408163265305,22.12857142857143,16,1.3856619386169386
20,6021.301428571429,23.020408163265305,23.99795918367347,16,1.4394802719502722
20,6021.301428571429,23.020408163265305,24.93265306122449,16,1.4414669386169388
20,6021.301428571429,23.020408163265305,25.86734693877551,16,1.4414669386169388
20,6021.301428571429,23.51020408163265,16.52040816326531,16,1.4916723590012222
20,6021.301428571429,23.51020408163265,19.324489795918367,16,1.4692390256678889
20,6021.301428571429,23.51020408163265,20.259183673469387,16,1.4553056923345558
20,6021.301428571429,23.51020408163265,21.193877551020407,16,1.3864723590012225
20,6021.301428571429,23.51020408163265,26.80204081632653,16,1.4514200401606425
20,6021.301428571429,23.51020408163265,27.73673469387755,16,1.4246533734939757
20,6021.301428571429,23.51020408163265,28.67142857142857,16,1.4246533734939757
20,6021.301428571429,23.51020408163265,29.60612244897959,16,1.4873644846050873
20,6021.301428571429,23.51020408163265,30.540816326530614,16,1.4873644846050873
20,6021.301428571429,24.0,16.52040816326531,16,1.4916723590012222
20,6021.301428571429,24.0,19.324489795918367,16,1.4692390256678889
20,6021.301428571429,24.0,20.259183673469387,16,1.4553056923345558
20,6021.301428571429,24.0,21.193877551020407,16,1.3864723590012225
20,6021.301428571429,24.0,26.80204081632653,16,1.4514200401606425
20,6021.301428571429,24.0,27.73673469387755,16,1.4246533734939757
20,6021.301428571429,24.0,28.67142857142857,16,1.4246533734939757
20,6021.301428571429,24.0,29.60612244897959,16,1.4873644846050873
20,6021.301428571429,24.0,30.540816326530614,16,1.4873644846050873
20,6881.487346938776,19.591836734693878,13.716326530612244,16,1.480676847041847
20,6881.487346938776,19.591836734693878,16.52040816326531,16,1.4954681290931289
20,6881.487346938776,20.081632653061224,13.716326530612244,16,1.480676847041847
20,6881.487346938776,20.081632653061224,16.52040816326531,16,1.4954681290931289
20,6881.487346938776,20.57142857142857,7.173469387755102,16,1.4983617676767673
20,6881.487346938776,20.57142857142857,8.108163265306121,16,1.4832951010101008
20,6881.487346938776,20.57142857142857,9.042857142857143,16,1.4916951010101005
20,6881.487346938776,20.57142857142857,9.977551020408164,16,1.4191855772005768
20,6881.487346938776,20.57142857142857,10.912244897959184,16,1.3191551010101004
20,6881.487346938776,20.57142857142857,11.846938775510203,16,1.3017551010101005
20,6881.487346938776,20.57142857142857,12.781632653061225,16,1.2852217676767672
20,6881.487346938776,20.57142857142857,13.716326530612244,16,1.2498217676767671
20,6881.487346938776,20.57142857142857,14.651020408163266,16,1.3570884343434337
20,6881.487346938776,20.57142857142857,15.585714285714285,16,1.2750130497280494
20,6881.487346938776,20.57142857142857,16.52040816326531,16,1.2656130497280496
20,6881.487346938776,20.57142857142857,17.455102040816328,16,1.3011130497280492
20,6881.487346938776,20.57142857142857,18.389795918367348,16,1.4144759068709063
20,6881.487346938776,20.57142857142857,19.324489795918367,16,1.3884759068709067
20,6881.487346938776,20.57142857142857,20.259183673469387,16,1.3616759068709066
20,6881.487346938776,20.57142857142857,21.193877551020407,16,1.306299716394716
20,6881.487346938776,20.57142857142857,22.12857142857143,16,1.3077030497280495
20,6881.487346938776,20.57142857142857,23.99795918367347,16,1.42648924020424
20,6881.487346938776,20.57142857142857,24.93265306122449,16,1.41508924020424
20,6881.487346938776,20.57142857142857,25.86734693877551,16,1.41508924020424
20,6881.487346938776,21.06122448979592,7.173469387755102,16,1.4983617676767673
20,6881.487346938776,21.06122448979592,8.108163265306121,16,1.4832951010101008
20,6881.487346938776,21.06122448979592,9.042857142857143,16,1.4916951010101005
20,6881.487346938776,21.06122448979592,9.977551020408164,16,1.4191855772005768
20,6881.487346938776,21.06122448979592,10.912244897959184,16,1.3191551010101004
20,6881.487346938776,21.06122448979592,11.846938775510203,16,1.3017551010101005
20,6881.487346938776,21.06122448979592,12.781632653061225,16,1.2852217676767672
20,6881.487346938776,21.06122448979592,13.716326530612244,16,1.2498217676767671
20,6881.487346938776,21.06122448979592,14.651020408163266,16,1.3570884343434337
20,6881.487346938776,21.06122448979592,15.585714285714285,16,1.2750130497280494
20,6881.487346938776,21.06122448979592,16.52040816326531,16,1.2656130497280496
20,6881.487346938776,21.06122448979592,17.455102040816328,16,1.3011130497280492
20,6881.487346938776,21.06122448979592,18.389795918367348,16,1.4144759068709063
20,6881.487346938776,21.06122448979592,19.324489795918367,16,1.3884759068709067
20,6881.487346938776,21.06122448979592,20.259183673469387,16,1.3616759068709066
20,6881.487346938776,21.06122448979592,21.193877551020407,16,1.306299716394716
20,6881.487346938776,21.06122448979592,22.12857142857143,16,1.3077030497280495
20,6881.487346938776,21.06122448979592,23.99795918367347,16,1.42648924020424
20,6881.487346938776,21.06122448979592,24.93265306122449,16,1.41508924020424
20,6881.487346938776,21.06122448979592,25.86734693877551,16,1.41508924020424
20,6881.487346938776,21.551020408163264,7.173469387755102,16,1.4944284343434342
20,6881.487346938776,21.551020408163264,8.108163265306121,16,1.4793617676767676
20,6881.487346938776,21.551020408163264,9.042857142857143,16,1.4835617676767672
20,6881.487346938776,21.551020408163264,9.977551020408164,16,1.4110522438672435
20,6881.487346938776,21.551020408163264,10.912244897959184,16,1.306621767676767
20,6881.487346938776,21.551020408163264,11.846938775510203,16,1.288046767676767
20,6881.487346938776,21.551020408163264,12.781632653061225,16,1.2651134343434338
20,6881.487346938776,21.551020408163264,13.716326530612244,16,1.229713434343434
20,6881.487346938776,21.551020408163264,14.651020408163266,16,1.3185801010101008
20,6881.487346938776,21.551020408163264,15.585714285714285,16,1.2199047163947159
20,6881.487346938776,21.551020408163264,16.52040816326531,16,1.210504716394716
20,6881.487346938776,21.551020408163264,17.455102040816328,16,1.258804716394716
20,6881.487346938776,21.551020408163264,18.389795918367348,16,1.3693009068709066
20,6881.487346938776,21.551020408163264,19.324489795918367,16,1.3433009068709065
20,6881.487346938776,21.551020408163264,20.259183673469387,16,1.3165009068709066
20,6881.487346938776,21.551020408163264,21.193877551020407,16,1.244258049728049
20,6881.487346938776,21.551020408163264,22.12857142857143,16,1.2507280497280495
20,6881.487346938776,21.551020408163264,23.06326530612245,16,1.4587047163947164
20,6881.487346938776,21.551020408163264,23.99795918367347,16,1.3000892402042399
20,6881.487346938776,21.551020408163264,24.93265306122449,16,1.2720892402042403
20,6881.487346938776,21.551020408163264,25.86734693877551,16,1.2720892402042403
20,6881.487346938776,22.04081632653061,7.173469387755102,16,1.4944284343434342
20,6881.487346938776,22.04081632653061,8.108163265306121,16,1.4793617676767676
20,6881.487346938776,22.04081632653061,9.042857142857143,16,1.4835617676767672
20,6881.487346938776,22.04081632653061,9.977551020408164,16,1.4110522438672435
20,6881.487346938776,22.04081632653061,10.912244897959184,16,1.306621767676767
20,6881.487346938776,22.04081632653061,11.846938775510203,16,1.288046767676767
20,6881.487346938776,22.04081632653061,12.781632653061225,16,1.2651134343434338
20,6881.487346938776,22.04081632653061,13.716326530612244,16,1.229713434343434
20,6881.487346938776,22.04081632653061,14.651020408163266,16,1.3185801010101008
20,6881.487346938776,22.04081632653061,15.585714285714285,16,1.2199047163947159
20,6881.487346938776,22.04081632653061,16.52040816326531,16,1.210504716394716
20,6881.487346938776,22.04081632653061,17.455102040816328,16,1.258804716394716
20,6881.487346938776,22.04081632653061,18.389795918367348,16,1.3693009068709066
20,6881.487346938776,22.04081632653061,19.324489795918367,16,1.3433009068709065
20,6881.487346938776,22.04081632653061,20.259183673469387,16,1.3165009068709066
20,6881.487346938776,22.04081632653061,21.193877551020407,16,1.244258049728049
20,6881.487346938776,22.04081632653061,22.12857142857143,16,1.2507280497280495
20,6881.487346938776,22.04081632653061,23.06326530612245,16,1.4587047163947164
20,6881.487346938776,22.04081632653061,23.99795918367347,16,1.3000892402042399
20,6881.487346938776,22.04081632653061,24.93265306122449,16,1.2720892402042403
20,6881.487346938776,22.04081632653061,25.86734693877551,16,1.2720892402042403
20,6881.487346938776,22.53061224489796,8.108163265306121,16,1.4902537518037517
20,6881.487346938776,22.53061224489796,9.977551020408164,16,1.4526537518037517
20,6881.487346938776,22.53061224489796,10.912244897959184,16,1.3785089898989893
20,6881.487346938776,22.53061224489796,11.846938775510203,16,1.3579339898989897
20,6881.487346938776,22.53061224489796,12.781632653061225,16,1.3380006565656561
20,6881.487346938776,22.53061224489796,13.716326530612244,16,1.2774006565656562
20,6881.487346938776,22.53061224489796,14.651020408163266,16,1.3180006565656563
20,6881.487346938776,22.53061224489796,15.585714285714285,16,1.2338252719502716
20,6881.487346938776,22.53061224489796,16.52040816326531,16,1.2186252719502715
20,6881.487346938776,22.53061224489796,17.455102040816328,16,1.3050252719502717
20,6881.487346938776,22.53061224489796,18.389795918367348,16,1.329621462426462
20,6881.487346938776,22.53061224489796,19.324489795918367,16,1.3078214624264617
20,6881.487346938776,22.53061224489796,20.259183673469387,16,1.2658881290931285
20,6881.487346938776,22.53061224489796,21.193877551020407,16,1.2430452719502716
20,6881.487346938776,22.53061224489796,22.12857142857143,16,1.3856619386169386
20,6881.487346938776,22.53061224489796,23.99795918367347,16,1.4394802719502722
20,6881.487346938776,22.53061224489796,24.93265306122449,16,1.4414669386169388
20,6881.487346938776,22.53061224489796,25.86734693877551,16,1.4414669386169388
20,6881.487346938776,23.020408163265305,8.108163265306121,16,1.4902537518037517
20,6881.487346938776,23.020408163265305,9.977551020408164,16,1.4526537518037517
20,6881.487346938776,23.020408163265305,10.912244897959184,16,1.3785089898989893
20,6881.487346938776,23.020408163265305,11.846938775510203,16,1.3579339898989897
20,6881.487346938776,23.020408163265305,12.781632653061225,16,1.3380006565656561
20,6881.487346938776,23.020408163265305,13.716326530612244,16,1.2774006565656562
20,6881.487346938776,23.020408163265305,14.651020408163266,16,1.3180006565656563
20,6881.487346938776,23.020408163265305,15.585714285714285,16,1.2338252719502716
20,6881.487346938776,23.020408163265305,16.52040816326531,16,1.2186252719502715
20,6881.487346938776,23.020408163265305,17.455102040816328,16,1.3050252719502717
20,6881.487346938776,23.020408163265305,18.389795918367348,16,1.329621462426462
20,6881.487346938776,23.020408163265305,19.324489795918367,16,1.3078214624264617
20,6881.487346938776,23.020408163265305,20.259183673469387,16,1.2658881290931285
20,6881.487346938776,23.020408163265305,21.193877551020407,16,1.2430452719502716
20,6881.487346938776,23.020408163265305,22.12857142857143,16,1.3856619386169386
20,6881.487346938776,23.020408163265305,23.99795918367347,16,1.4394802719502722
20,6881.487346938776,23.020408163265305,24.93265306122449,16,1.4414669386169388
20,6881.487346938776,23.020408163265305,25.86734693877551,16,1.4414669386169388
20,6881.487346938776,23.51020408163265,16.52040816326531,16,1.4916723590012222
20,6881.487346938776,23.51020408163265,19.324489795918367,16,1.4692390256678889
20,6881.487346938776,23.51020408163265,20.259183673469387,16,1.4553056923345558
20,6881.487346938776,23.51020408163265,21.193877551020407,16,1.3864723590012225
20,6881.487346938776,23.51020408163265,26.80204081632653,16,1.4514200401606425
20,6881.487346938776,23.51020408163265,27.73673469387755,16,1.4246533734939757
20,6881.487346938776,23.51020408163265,28.67142857142857,16,1.4246533734939757
20,6881.487346938776,23.51020408163265,29.60612244897959,16,1.4873644846050873
20,6881.487346938776,23.51020408163265,30.540816326530614,16,1.4873644846050873
20,6881.487346938776,24.0,16.52040816326531,16,1.4916723590012222
20,6881.487346938776,24.0,19.324489795918367,16,1.4692390256678889
20,6881.487346938776,24.0,20.259183673469387,16,1.4553056923345558
20,6881.487346938776,24.0,21.193877551020407,16,1.3864723590012225
20,6881.487346938776,24.0,26.80204081632653,16,1.4514200401606425
20,6881.487346938776,24.0,27.73673469387755,16,1.4246533734939757
20,6881.487346938776,24.0,28.67142857142857,16,1.4246533734939757
20,6881.487346938776,24.0,29.60612244897959,16,1.4873644846050873
20,6881.487346938776,24.0,30.540816326530614,16,1.4873644846050873
21,0.0,20.57142857142857,10.912244897959184,16,1.4821934126984126
21,0.0,20.57142857142857,11.846938775510203,16,1.4659934126984127
21,0.0,20.57142857142857,12.781632653061225,16,1.4707934126984128
21,0.0,20.57142857142857,13.716326530612244,16,1.432793412698413
21,0.0,20.57142857142857,15.585714285714285,16,1.4712846947496947
21,0.0,20.57142857142857,16.52040816326531,16,1.4679846947496946
21,0.0,20.57142857142857,17.455102040816328,16,1.477484694749695
21,0.0,21.06122448979592,10.912244897959184,16,1.4821934126984126
21,0.0,21.06122448979592,11.846938775510203,16,1.4659934126984127
21,0.0,21.06122448979592,12.781632653061225,16,1.4707934126984128
21,0.0,21.06122448979592,13.716326530612244,16,1.432793412698413
21,0.0,21.06122448979592,15.585714285714285,16,1.4712846947496947
21,0.0,21.06122448979592,16.52040816326531,16,1.4679846947496946
21,0.0,21.06122448979592,17.455102040816328,16,1.477484694749695
21,0.0,21.551020408163264,10.912244897959184,16,1.4891934126984128
21,0.0,21.551020408163264,11.846938775510203,16,1.4718184126984124
21,0.0,21.551020408163264,12.781632653061225,16,1.4702184126984128
21,0.0,21.551020408163264,13.716326530612244,16,1.4322184126984125
21,0.0,21.551020408163264,15.585714285714285,16,1.4357096947496948
21,0.0,21.551020408163264,16.52040816326531,16,1.432409694749695
21,0.0,21.551020408163264,17.455102040816328,16,1.448309694749695
21,0.0,21.551020408163264,21.193877551020407,16,1.4776296947496947
21,0.0,21.551020408163264,22.12857142857143,16,1.4577663614163612
21,0.0,21.551020408163264,23.99795918367347,16,1.4732380280830284
21,0.0,21.551020408163264,24.93265306122449,16,1.4914380280830286
21,0.0,21.551020408163264,25.86734693877551,16,1.4914380280830286
21,0.0,22.04081632653061,10.912244897959184,16,1.4891934126984128
21,0.0,22.04081632653061,11.846938775510203,16,1.4718184126984124
21,0.0,22.04081632653061,12.781632653061225,16,1.4702184126984128
21,0.0,22.04081632653061,13.716326530612244,16,1.4322184126984125
21,0.0,22.04081632653061,15.585714285714285,16,1.4357096947496948
21,0.0,22.04081632653061,16.52040816326531,16,1.432409694749695
21,0.0,22.04081632653061,17.455102040816328,16,1.448309694749695
21,0.0,22.04081632653061,21.193877551020407,16,1.4776296947496947
21,0.0,22.04081632653061,22.12857142857143,16,1.4577663614163612
21,0.0,22.04081632653061,23.99795918367347,16,1.4732380280830284
21,0.0,22.04081632653061,24.93265306122449,16,1.4914380280830286
21,0.0,22.04081632653061,25.86734693877551,16,1.4914380280830286
21,0.0,22.53061224489796,13.716326530612244,16,1.4867627777777772
21,0.0,22.53061224489796,15.585714285714285,16,1.4625873931623932
21,0.0,22.53061224489796,16.52040816326531,16,1.4473873931623933
21,0.0,22.53061224489796,21.193877551020407,16,1.498607393162393
21,0.0,23.020408163265305,13.716326530612244,16,1.4867627777777772
21,0.0,23.020408163265305,15.585714285714285,16,1.4625873931623932
21,0.0,23.020408163265305,16.52040816326531,16,1.4473873931623933
21,0.0,23.020408163265305,21.193877551020407,16,1.498607393162393
21,0.0,23.51020408163265,27.73673469387755,16,1.474473373493976
21,0.0,23.51020408163265,28.67142857142857,16,1.474473373493976
21,0.0,24.0,27.73673469387755,16,1.474473373493976
21,0.0,24.0,28.67142857142857,16,1.474473373493976
21,860.185918367347,20.57142857142857,10.912244897959184,16,1.4821934126984126
21,860.185918367347,20.57142857142857,11.846938775510203,16,1.4659934126984127
21,860.185918367347,20.57142857142857,12.781632653061225,16,1.4707934126984128
21,860.185918367347,20.57142857142857,13.716326530612244,16,1.432793412698413
21,860.185918367347,20.57142857142857,15.585714285714285,16,1.4712846947496947
21,860.185918367347,20.57142857142857,16.52040816326531,16,1.4679846947496946
21,860.185918367347,20.57142857142857,17.455102040816328,16,1.477484694749695
21,860.185918367347,21.06122448979592,10.912244897959184,16,1.4821934126984126
21,860.185918367347,21.06122448979592,11.846938775510203,16,1.4659934126984127
21,860.185918367347,21.06122448979592,12.781632653061225,16,1.4707934126984128
21,860.185918367347,21.06122448979592,13.716326530612244,16,1.432793412698413
21,860.185918367347,21.06122448979592,15.585714285714285,16,1.4712846947496947
21,860.185918367347,21.06122448979592,16.52040816326531,16,1.4679846947496946
21,860.185918367347,21.06122448979592,17.455102040816328,16,1.477484694749695
21,860.185918367347,21.551020408163264,10.912244897959184,16,1.4891934126984128
21,860.185918367347,21.551020408163264,11.846938775510203,16,1.4718184126984124
21,860.185918367347,21.551020408163264,12.781632653061225,16,1.4702184126984128
21,860.185918367347,21.551020408163264,13.716326530612244,16,1.4322184126984125
21,860.185918367347,21.551020408163264,15.585714285714285,16,1.4357096947496948
21,860.185918367347,21.551020408163264,16.52040816326531,16,1.432409694749695
21,860.185918367347,21.551020408163264,17.455102040816328,16,1.448309694749695
21,860.185918367347,21.551020408163264,21.193877551020407,16,1.4776296947496947
21,860.185918367347,21.551020408163264,22.12857142857143,16,1.4577663614163612
21,860.185918367347,21.551020408163264,23.99795918367347,16,1.4732380280830284
21,860.185918367347,21.551020408163264,24.93265306122449,16,1.4914380280830286
21,860.185918367347,21.551020408163264,25.86734693877551,16,1.4914380280830286
21,860.185918367347,22.04081632653061,10.912244897959184,16,1.4891934126984128
21,860.185918367347,22.04081632653061,11.846938775510203,16,1.4718184126984124
21,860.185918367347,22.04081632653061,12.781632653061225,16,1.4702184126984128
21,860.185918367347,22.04081632653061,13.716326530612244,16,1.4322184126984125
21,860.185918367347,22.04081632653061,15.585714285714285,16,1.4357096947496948
21,860.185918367347,22.04081632653061,16.52040816326531,16,1.432409694749695
21,860.185918367347,22.04081632653061,17.455102040816328,16,1.448309694749695
21,860.185918367347,22.04081632653061,21.193877551020407,16,1.4776296947496947
21,860.185918367347,22.04081632653061,22.12857142857143,16,1.4577663614163612
21,860.185918367347,22.04081632653061,23.99795918367347,16,1.4732380280830284
21,860.185918367347,22.04081632653061,24.93265306122449,16,1.4914380280830286
21,860.185918367347,22.04081632653061,25.86734693877551,16,1.4914380280830286
21,860.185918367347,22.53061224489796,13.716326530612244,16,1.4867627777777772
21,860.185918367347,22.53061224489796,15.585714285714285,16,1.4625873931623932
21,860.185918367347,22.53061224489796,16.52040816326531,16,1.4473873931623933
21,860.185918367347,22.53061224489796,21.193877551020407,16,1.498607393162393
21,860.185918367347,23.020408163265305,13.716326530612244,16,1.4867627777777772
21,860.185918367347,23.020408163265305,15.585714285714285,16,1.4625873931623932
21,860.185918367347,23.020408163265305,16.52040816326531,16,1.4473873931623933
21,860.185918367347,23.020408163265305,21.193877551020407,16,1.498607393162393
21,860.185918367347,23.51020408163265,27.73673469387755,16,1.474473373493976
21,860.185918367347,23.51020408163265,28.67142857142857,16,1.474473373493976
21,860.185918367347,24.0,27.73673469387755,16,1.474473373493976
21,860.185918367347,24.0,28.67142857142857,16,1.474473373493976
21,1720.371836734694,20.57142857142857,10.912244897959184,16,1.4821934126984126
21,1720.371836734694,20.57142857142857,11.846938775510203,16,1.4659934126984127
21,1720.371836734694,20.57142857142857,12.781632653061225,16,1.4707934126984128
21,1720.371836734694,20.57142857142857,13.716326530612244,16,1.432793412698413
21,1720.371836734694,20.57142857142857,15.585714285714285,16,1.4712846947496947
21,1720.371836734694,20.57142857142857,16.52040816326531,16,1.4679846947496946
21,1720.371836734694,20.57142857142857,17.455102040816328,16,1.477484694749695
21,1720.371836734694,21.06122448979592,10.912244897959184,16,1.4821934126984126
21,1720.371836734694,21.06122448979592,11.846938775510203,16,1.4659934126984127
21,1720.371836734694,21.06122448979592,12.781632653061225,16,1.4707934126984128
21,1720.371836734694,21.06122448979592,13.716326530612244,16,1.432793412698413
21,1720.371836734694,21.06122448979592,15.585714285714285,16,1.4712846947496947
21,1720.371836734694,21.06122448979592,16.52040816326531,16,1.4679846947496946
21,1720.371836734694,21.06122448979592,17.455102040816328,16,1.477484694749695
21,1720.371836734694,21.551020408163264,10.912244897959184,16,1.4891934126984128
21,1720.371836734694,21.551020408163264,11.846938775510203,16,1.4718184126984124
21,1720.371836734694,21.551020408163264,12.781632653061225,16,1.4702184126984128
21,1720.371836734694,21.551020408163264,13.716326530612244,16,1.4322184126984125
21,1720.371836734694,21.551020408163264,15.585714285714285,16,1.4357096947496948
21,1720.371836734694,21.551020408163264,16.52040816326531,16,1.432409694749695
21,1720.371836734694,21.551020408163264,17.455102040816328,16,1.448309694749695
21,1720.371836734694,21.551020408163264,21.193877551020407,16,1.4776296947496947
21,1720.371836734694,21.551020408163264,22.12857142857143,16,1.4577663614163612
21,1720.371836734694,21.551020408163264,23.99795918367347,16,1.4732380280830284
21,1720.371836734694,21.551020408163264,24.93265306122449,16,1.4914380280830286
21,1720.371836734694,21.551020408163264,25.86734693877551,16,1.4914380280830286
21,1720.371836734694,22.04081632653061,10.912244897959184,16,1.4891934126984128
21,1720.371836734694,22.04081632653061,11.846938775510203,16,1.4718184126984124
21,1720.371836734694,22.04081632653061,12.781632653061225,16,1.4702184126984128
21,1720.371836734694,22.04081632653061,13.716326530612244,16,1.4322184126984125
21,1720.371836734694,22.04081632653061,15.585714285714285,16,1.4357096947496948
21,1720.371836734694,22.04081632653061,16.52040816326531,16,1.432409694749695
21,1720.371836734694,22.04081632653061,17.455102040816328,16,1.448309694749695
21,1720.371836734694,22.04081632653061,21.193877551020407,16,1.4776296947496947
21,1720.371836734694,22.04081632653061,22.12857142857143,16,1.4577663614163612
21,1720.371836734694,22.04081632653061,23.99795918367347,16,1.4732380280830284
21,1720.371836734694,22.04081632653061,24.93265306122449,16,1.4914380280830286
21,1720.371836734694,22.04081632653061,25.86734693877551,16,1.4914380280830286
21,1720.371836734694,22.53061224489796,13.716326530612244,16,1.4867627777777772
21,1720.371836734694,22.53061224489796,15.585714285714285,16,1.4625873931623932
21,1720.371836734694,22.53061224489796,16.52040816326531,16,1.4473873931623933
21,1720.371836734694,22.53061224489796,21.193877551020407,16,1.498607393162393
21,1720.371836734694,23.020408163265305,13.716326530612244,16,1.4867627777777772
21,1720.371836734694,23.020408163265305,15.585714285714285,16,1.4625873931623932
21,1720.371836734694,23.020408163265305,16.52040816326531,16,1.4473873931623933
21,1720.371836734694,23.020408163265305,21.193877551020407,16,1.498607393162393
21,1720.371836734694,23.51020408163265,27.73673469387755,16,1.474473373493976
21,1720.371836734694,23.51020408163265,28.67142857142857,16,1.474473373493976
21,1720.371836734694,24.0,27.73673469387755,16,1.474473373493976
21,1720.371836734694,24.0,28.67142857142857,16,1.474473373493976
21,2580.557755102041,20.57142857142857,10.912244897959184,16,1.4821934126984126
21,2580.557755102041,20.57142857142857,11.846938775510203,16,1.4659934126984127
21,2580.557755102041,20.57142857142857,12.781632653061225,16,1.4707934126984128
21,2580.557755102041,20.57142857142857,13.716326530612244,16,1.432793412698413
21,2580.557755102041,20.57142857142857,15.585714285714285,16,1.4712846947496947
21,2580.557755102041,20.57142857142857,16.52040816326531,16,1.4679846947496946
21,2580.557755102041,20.57142857142857,17.455102040816328,16,1.477484694749695
21,2580.557755102041,21.06122448979592,10.912244897959184,16,1.4821934126984126
21,2580.557755102041,21.06122448979592,11.846938775510203,16,1.4659934126984127
21,2580.557755102041,21.06122448979592,12.781632653061225,16,1.4707934126984128
21,2580.557755102041,21.06122448979592,13.716326530612244,16,1.432793412698413
21,2580.557755102041,21.06122448979592,15.585714285714285,16,1.4712846947496947
21,2580.557755102041,21.06122448979592,16.52040816326531,16,1.4679846947496946
21,2580.557755102041,21.06122448979592,17.455102040816328,16,1.477484694749695
21,2580.557755102041,21.551020408163264,10.912244897959184,16,1.4891934126984128
21,2580.557755102041,21.551020408163264,11.846938775510203,16,1.4718184126984124
21,2580.557755102041,21.551020408163264,12.781632653061225,16,1.4702184126984128
21,2580.557755102041,21.551020408163264,13.716326530612244,16,1.4322184126984125
21,2580.557755102041,21.551020408163264,15.585714285714285,16,1.4357096947496948
21,2580.557755102041,21.551020408163264,16.52040816326531,16,1.432409694749695
21,2580.557755102041,21.551020408163264,17.455102040816328,16,1.448309694749695
21,2580.557755102041,21.551020408163264,21.193877551020407,16,1.4776296947496947
21,2580.557755102041,21.551020408163264,22.12857142857143,16,1.4577663614163612
21,2580.557755102041,21.551020408163264,23.99795918367347,16,1.4732380280830284
21,2580.557755102041,21.551020408163264,24.93265306122449,16,1.4914380280830286
21,2580.557755102041,21.551020408163264,25.86734693877551,16,1.4914380280830286
21,2580.557755102041,22.04081632653061,10.912244897959184,16,1.4891934126984128
21,2580.557755102041,22.04081632653061,11.846938775510203,16,1.4718184126984124
21,2580.557755102041,22.04081632653061,12.781632653061225,16,1.4702184126984128
21,2580.557755102041,22.04081632653061,13.716326530612244,16,1.4322184126984125
21,2580.557755102041,22.04081632653061,15.585714285714285,16,1.4357096947496948
21,2580.557755102041,22.04081632653061,16.52040816326531,16,1.432409694749695
21,2580.557755102041,22.04081632653061,17.455102040816328,16,1.448309694749695
21,2580.557755102041,22.04081632653061,21.193877551020407,16,1.4776296947496947
21,2580.557755102041,22.04081632653061,22.12857142857143,16,1.4577663614163612
21,2580.557755102041,22.04081632653061,23.99795918367347,16,1.4732380280830284
21,2580.557755102041,22.04081632653061,24.93265306122449,16,1.4914380280830286
21,2580.557755102041,22.04081632653061,25.86734693877551,16,1.4914380280830286
21,2580.557755102041,22.53061224489796,13.716326530612244,16,1.4867627777777772
21,2580.557755102041,22.53061224489796,15.585714285714285,16,1.4625873931623932
21,2580.557755102041,22.53061224489796,16.52040816326531,16,1.4473873931623933
21,2580.557755102041,22.53061224489796,21.193877551020407,16,1.498607393162393
21,2580.557755102041,23.020408163265305,13.716326530612244,16,1.4867627777777772
21,2580.557755102041,23.020408163265305,15.585714285714285,16,1.4625873931623932
21,2580.557755102041,23.020408163265305,16.52040816326531,16,1.4473873931623933
21,2580.557755102041,23.020408163265305,21.193877551020407,16,1.498607393162393
21,2580.557755102041,23.51020408163265,27.73673469387755,16,1.474473373493976
21,2580.557755102041,23.51020408163265,28.67142857142857,16,1.474473373493976
21,2580.557755102041,24.0,27.73673469387755,16,1.474473373493976
21,2580.557755102041,24.0,28.67142857142857,16,1.474473373493976
21,3440.743673469388,20.57142857142857,10.912244897959184,16,1.4821934126984126
21,3440.743673469388,20.57142857142857,11.846938775510203,16,1.4659934126984127
21,3440.743673469388,20.57142857142857,12.781632653061225,16,1.4707934126984128
21,3440.743673469388,20.57142857142857,13.716326530612244,16,1.432793412698413
21,3440.743673469388,20.57142857142857,15.585714285714285,16,1.4712846947496947
21,3440.743673469388,20.57142857142857,16.52040816326531,16,1.4679846947496946
21,3440.743673469388,20.57142857142857,17.455102040816328,16,1.477484694749695
21,3440.743673469388,21.06122448979592,10.912244897959184,16,1.4821934126984126
21,3440.743673469388,21.06122448979592,11.846938775510203,16,1.4659934126984127
21,3440.743673469388,21.06122448979592,12.781632653061225,16,1.4707934126984128
21,3440.743673469388,21.06122448979592,13.716326530612244,16,1.432793412698413
21,3440.743673469388,21.06122448979592,15.585714285714285,16,1.4712846947496947
21,3440.743673469388,21.06122448979592,16.52040816326531,16,1.4679846947496946
21,3440.743673469388,21.06122448979592,17.455102040816328,16,1.477484694749695
21,3440.743673469388,21.551020408163264,10.912244897959184,16,1.4891934126984128
21,3440.743673469388,21.551020408163264,11.846938775510203,16,1.4718184126984124
21,3440.743673469388,21.551020408163264,12.781632653061225,16,1.4702184126984128
21,3440.743673469388,21.551020408163264,13.716326530612244,16,1.4322184126984125
21,3440.743673469388,21.551020408163264,15.585714285714285,16,1.4357096947496948
21,3440.743673469388,21.551020408163264,16.52040816326531,16,1.432409694749695
21,3440.743673469388,21.551020408163264,17.455102040816328,16,1.448309694749695
21,3440.743673469388,21.551020408163264,21.193877551020407,16,1.4776296947496947
21,3440.743673469388,21.551020408163264,22.12857142857143,16,1.4577663614163612
21,3440.743673469388,21.551020408163264,23.99795918367347,16,1.4732380280830284
21,3440.743673469388,21.551020408163264,24.93265306122449,16,1.4914380280830286
21,3440.743673469388,21.551020408163264,25.86734693877551,16,1.4914380280830286
21,3440.743673469388,22.04081632653061,10.912244897959184,16,1.4891934126984128
21,3440.743673469388,22.04081632653061,11.846938775510203,16,1.4718184126984124
21,3440.743673469388,22.04081632653061,12.781632653061225,16,1.4702184126984128
21,3440.743673469388,22.04081632653061,13.716326530612244,16,1.4322184126984125
21,3440.743673469388,22.04081632653061,15.585714285714285,16,1.4357096947496948
21,3440.743673469388,22.04081632653061,16.52040816326531,16,1.432409694749695
21,3440.743673469388,22.04081632653061,17.455102040816328,16,1.448309694749695
21,3440.743673469388,22.04081632653061,21.193877551020407,16,1.4776296947496947
21,3440.743673469388,22.04081632653061,22.12857142857143,16,1.4577663614163612
21,3440.743673469388,22.04081632653061,23.99795918367347,16,1.4732380280830284
21,3440.743673469388,22.04081632653061,24.93265306122449,16,1.4914380280830286
21,3440.743673469388,22.04081632653061,25.86734693877551,16,1.4914380280830286
21,3440.743673469388,22.53061224489796,13.716326530612244,16,1.4867627777777772
21,3440.743673469388,22.53061224489796,15.585714285714285,16,1.4625873931623932
21,3440.743673469388,22.53061224489796,16.52040816326531,16,1.4473873931623933
21,3440.743673469388,22.53061224489796,21.193877551020407,16,1.498607393162393
21,3440.743673469388,23.020408163265305,13.716326530612244,16,1.4867627777777772
21,3440.743673469388,23.020408163265305,15.585714285714285,16,1.4625873931623932
21,3440.743673469388,23.020408163265305,16.52040816326531,16,1.4473873931623933
21,3440.743673469388,23.020408163265305,21.193877551020407,16,1.498607393162393
21,3440.743673469388,23.51020408163265,27.73673469387755,16,1.474473373493976
21,3440.743673469388,23.51020408163265,28.67142857142857,16,1.474473373493976
21,3440.743673469388,24.0,27.73673469387755,16,1.474473373493976
21,3440.743673469388,24.0,28.67142857142857,16,1.474473373493976
21,4300.929591836735,20.57142857142857,10.912244897959184,16,1.4821934126984126
21,4300.929591836735,20.57142857142857,11.846938775510203,16,1.4659934126984127
21,4300.929591836735,20.57142857142857,12.781632653061225,16,1.4707934126984128
21,4300.929591836735,20.57142857142857,13.716326530612244,16,1.432793412698413
21,4300.929591836735,20.57142857142857,15.585714285714285,16,1.4712846947496947
21,4300.929591836735,20.57142857142857,16.52040816326531,16,1.4679846947496946
21,4300.929591836735,20.57142857142857,17.455102040816328,16,1.477484694749695
21,4300.929591836735,21.06122448979592,10.912244897959184,16,1.4821934126984126
21,4300.929591836735,21.06122448979592,11.846938775510203,16,1.4659934126984127
21,4300.929591836735,21.06122448979592,12.781632653061225,16,1.4707934126984128
21,4300.929591836735,21.06122448979592,13.716326530612244,16,1.432793412698413
21,4300.929591836735,21.06122448979592,15.585714285714285,16,1.4712846947496947
21,4300.929591836735,21.06122448979592,16.52040816326531,16,1.4679846947496946
21,4300.929591836735,21.06122448979592,17.455102040816328,16,1.477484694749695
21,4300.929591836735,21.551020408163264,10.912244897959184,16,1.4891934126984128
21,4300.929591836735,21.551020408163264,11.846938775510203,16,1.4718184126984124
21,4300.929591836735,21.551020408163264,12.781632653061225,16,1.4702184126984128
21,4300.929591836735,21.551020408163264,13.716326530612244,16,1.4322184126984125
21,4300.929591836735,21.551020408163264,15.585714285714285,16,1.4357096947496948
21,4300.929591836735,21.551020408163264,16.52040816326531,16,1.432409694749695
21,4300.929591836735,21.551020408163264,17.455102040816328,16,1.448309694749695
21,4300.929591836735,21.551020408163264,21.193877551020407,16,1.4776296947496947
21,4300.929591836735,21.551020408163264,22.12857142857143,16,1.4577663614163612
21,4300.929591836735,21.551020408163264,23.99795918367347,16,1.4732380280830284
21,4300.929591836735,21.551020408163264,24.93265306122449,16,1.4914380280830286
21,4300.929591836735,21.551020408163264,25.86734693877551,16,1.4914380280830286
21,4300.929591836735,22.04081632653061,10.912244897959184,16,1.4891934126984128
21,4300.929591836735,22.04081632653061,11.846938775510203,16,1.4718184126984124
21,4300.929591836735,22.04081632653061,12.781632653061225,16,1.4702184126984128
21,4300.929591836735,22.04081632653061,13.716326530612244,16,1.4322184126984125
21,4300.929591836735,22.04081632653061,15.585714285714285,16,1.4357096947496948
21,4300.929591836735,22.04081632653061,16.52040816326531,16,1.432409694749695
21,4300.929591836735,22.04081632653061,17.455102040816328,16,1.448309694749695
21,4300.929591836735,22.04081632653061,21.193877551020407,16,1.4776296947496947
21,4300.929591836735,22.04081632653061,22.12857142857143,16,1.4577663614163612
21,4300.929591836735,22.04081632653061,23.99795918367347,16,1.4732380280830284
21,4300.929591836735,22.04081632653061,24.93265306122449,16,1.4914380280830286
21,4300.929591836735,22.04081632653061,25.86734693877551,16,1.4914380280830286
21,4300.929591836735,22.53061224489796,13.716326530612244,16,1.4867627777777772
21,4300.929591836735,22.53061224489796,15.585714285714285,16,1.4625873931623932
21,4300.929591836735,22.53061224489796,16.52040816326531,16,1.4473873931623933
21,4300.929591836735,22.53061224489796,21.193877551020407,16,1.498607393162393
21,4300.929591836735,23.020408163265305,13.716326530612244,16,1.4867627777777772
21,4300.929591836735,23.020408163265305,15.585714285714285,16,1.4625873931623932
21,4300.929591836735,23.020408163265305,16.52040816326531,16,1.4473873931623933
21,4300.929591836735,23.020408163265305,21.193877551020407,16,1.498607393162393
21,4300.929591836735,23.51020408163265,27.73673469387755,16,1.474473373493976
21,4300.929591836735,23.51020408163265,28.67142857142857,16,1.474473373493976
21,4300.929591836735,24.0,27.73673469387755,16,1.474473373493976
21,4300.929591836735,24.0,28.67142857142857,16,1.474473373493976
21,5161.115510204082,20.57142857142857,10.912244897959184,16,1.4821934126984126
21,5161.115510204082,20.57142857142857,11.846938775510203,16,1.4659934126984127
21,5161.115510204082,20.57142857142857,12.781632653061225,16,1.4707934126984128
21,5161.115510204082,20.57142857142857,13.716326530612244,16,1.432793412698413
21,5161.115510204082,20.57142857142857,15.585714285714285,16,1.4712846947496947
21,5161.115510204082,20.57142857142857,16.52040816326531,16,1.4679846947496946
21,5161.115510204082,20.57142857142857,17.455102040816328,16,1.477484694749695
21,5161.115510204082,21.06122448979592,10.912244897959184,16,1.4821934126984126
21,5161.115510204082,21.06122448979592,11.846938775510203,16,1.4659934126984127
21,5161.115510204082,21.06122448979592,12.781632653061225,16,1.4707934126984128
21,5161.115510204082,21.06122448979592,13.716326530612244,16,1.432793412698413
21,5161.115510204082,21.06122448979592,15.585714285714285,16,1.4712846947496947
21,5161.115510204082,21.06122448979592,16.52040816326531,16,1.4679846947496946
21,5161.115510204082,21.06122448979592,17.455102040816328,16,1.477484694749695
21,5161.115510204082,21.551020408163264,10.912244897959184,16,1.4891934126984128
21,5161.115510204082,21.551020408163264,11.846938775510203,16,1.4718184126984124
21,5161.115510204082,21.551020408163264,12.781632653061225,16,1.4702184126984128
21,5161.115510204082,21.551020408163264,13.716326530612244,16,1.4322184126984125
21,5161.115510204082,21.551020408163264,15.585714285714285,16,1.4357096947496948
21,5161.115510204082,21.551020408163264,16.52040816326531,16,1.432409694749695
21,5161.115510204082,21.551020408163264,17.455102040816328,16,1.448309694749695
21,5161.115510204082,21.551020408163264,21.193877551020407,16,1.4776296947496947
21,5161.115510204082,21.551020408163264,22.12857142857143,16,1.4577663614163612
21,5161.115510204082,21.551020408163264,23.99795918367347,16,1.4732380280830284
21,5161.115510204082,21.551020408163264,24.93265306122449,16,1.4914380280830286
21,5161.115510204082,21.551020408163264,25.86734693877551,16,1.4914380280830286
21,5161.115510204082,22.04081632653061,10.912244897959184,16,1.4891934126984128
21,5161.115510204082,22.04081632653061,11.846938775510203,16,1.4718184126984124
21,5161.115510204082,22.04081632653061,12.781632653061225,16,1.4702184126984128
21,5161.115510204082,22.04081632653061,13.716326530612244,16,1.4322184126984125
21,5161.115510204082,22.04081632653061,15.585714285714285,16,1.4357096947496948
21,5161.115510204082,22.04081632653061,16.52040816326531,16,1.432409694749695
21,5161.115510204082,22.04081632653061,17.455102040816328,16,1.448309694749695
21,5161.115510204082,22.04081632653061,21.193877551020407,16,1.4776296947496947
21,5161.115510204082,22.04081632653061,22.12857142857143,16,1.4577663614163612
21,5161.115510204082,22.04081632653061,23.99795918367347,16,1.4732380280830284
21,5161.115510204082,22.04081632653061,24.93265306122449,16,1.4914380280830286
21,5161.115510204082,22.04081632653061,25.86734693877551,16,1.4914380280830286
21,5161.115510204082,22.53061224489796,13.716326530612244,16,1.4867627777777772
21,5161.115510204082,22.53061224489796,15.585714285714285,16,1.4625873931623932
21,5161.115510204082,22.53061224489796,16.52040816326531,16,1.4473873931623933
21,5161.115510204082,22.53061224489796,21.193877551020407,16,1.498607393162393
21,5161.115510204082,23.020408163265305,13.716326530612244,16,1.4867627777777772
21,5161.115510204082,23.020408163265305,15.585714285714285,16,1.4625873931623932
21,5161.115510204082,23.020408163265305,16.52040816326531,16,1.4473873931623933
21,5161.115510204082,23.020408163265305,21.193877551020407,16,1.498607393162393
21,5161.115510204082,23.51020408163265,27.73673469387755,16,1.474473373493976
21,5161.115510204082,23.51020408163265,28.67142857142857,16,1.474473373493976
21,5161.115510204082,24.0,27.73673469387755,16,1.474473373493976
21,5161.115510204082,24.0,28.67142857142857,16,1.474473373493976
21,6021.301428571429,20.57142857142857,10.912244897959184,16,1.4821934126984126
21,6021.301428571429,20.57142857142857,11.846938775510203,16,1.4659934126984127
21,6021.301428571429,20.57142857142857,12.781632653061225,16,1.4707934126984128
21,6021.301428571429,20.57142857142857,13.716326530612244,16,1.432793412698413
21,6021.301428571429,20.57142857142857,15.585714285714285,16,1.4712846947496947
21,6021.301428571429,20.57142857142857,16.52040816326531,16,1.4679846947496946
21,6021.301428571429,20.57142857142857,17.455102040816328,16,1.477484694749695
21,6021.301428571429,21.06122448979592,10.912244897959184,16,1.4821934126984126
21,6021.301428571429,21.06122448979592,11.846938775510203,16,1.4659934126984127
21,6021.301428571429,21.06122448979592,12.781632653061225,16,1.4707934126984128
21,6021.301428571429,21.06122448979592,13.716326530612244,16,1.432793412698413
21,6021.301428571429,21.06122448979592,15.585714285714285,16,1.4712846947496947
21,6021.301428571429,21.06122448979592,16.52040816326531,16,1.4679846947496946
21,6021.301428571429,21.06122448979592,17.455102040816328,16,1.477484694749695
21,6021.301428571429,21.551020408163264,10.912244897959184,16,1.4891934126984128
21,6021.301428571429,21.551020408163264,11.846938775510203,16,1.4718184126984124
21,6021.301428571429,21.551020408163264,12.781632653061225,16,1.4702184126984128
21,6021.301428571429,21.551020408163264,13.716326530612244,16,1.4322184126984125
21,6021.301428571429,21.551020408163264,15.585714285714285,16,1.4357096947496948
21,6021.301428571429,21.551020408163264,16.52040816326531,16,1.432409694749695
21,6021.301428571429,21.551020408163264,17.455102040816328,16,1.448309694749695
21,6021.301428571429,21.551020408163264,21.193877551020407,16,1.4776296947496947
21,6021.301428571429,21.551020408163264,22.12857142857143,16,1.4577663614163612
21,6021.301428571429,21.551020408163264,23.99795918367347,16,1.4732380280830284
21,6021.301428571429,21.551020408163264,24.93265306122449,16,1.4914380280830286
21,6021.301428571429,21.551020408163264,25.86734693877551,16,1.4914380280830286
21,6021.301428571429,22.04081632653061,10.912244897959184,16,1.4891934126984128
21,6021.301428571429,22.04081632653061,11.846938775510203,16,1.4718184126984124
21,6021.301428571429,22.04081632653061,12.781632653061225,16,1.4702184126984128
21,6021.301428571429,22.04081632653061,13.716326530612244,16,1.4322184126984125
21,6021.301428571429,22.04081632653061,15.585714285714285,16,1.4357096947496948
21,6021.301428571429,22.04081632653061,16.52040816326531,16,1.432409694749695
21,6021.301428571429,22.04081632653061,17.455102040816328,16,1.448309694749695
21,6021.301428571429,22.04081632653061,21.193877551020407,16,1.4776296947496947
21,6021.301428571429,22.04081632653061,22.12857142857143,16,1.4577663614163612
21,6021.301428571429,22.04081632653061,23.99795918367347,16,1.4732380280830284
21,6021.301428571429,22.04081632653061,24.93265306122449,16,1.4914380280830286
21,6021.301428571429,22.04081632653061,25.86734693877551,16,1.4914380280830286
21,6021.301428571429,22.53061224489796,13.716326530612244,16,1.4867627777777772
21,6021.301428571429,22.53061224489796,15.585714285714285,16,1.4625873931623932
21,6021.301428571429,22.53061224489796,16.52040816326531,16,1.4473873931623933
21,6021.301428571429,22.53061224489796,21.193877551020407,16,1.498607393162393
21,6021.301428571429,23.020408163265305,13.716326530612244,16,1.4867627777777772
21,6021.301428571429,23.020408163265305,15.585714285714285,16,1.4625873931623932
21,6021.301428571429,23.020408163265305,16.52040816326531,16,1.4473873931623933
21,6021.301428571429,23.020408163265305,21.193877551020407,16,1.498607393162393
21,6021.301428571429,23.51020408163265,27.73673469387755,16,1.474473373493976
21,6021.301428571429,23.51020408163265,28.67142857142857,16,1.474473373493976
21,6021.301428571429,24.0,27.73673469387755,16,1.474473373493976
21,6021.301428571429,24.0,28.67142857142857,16,1.474473373493976
21,6881.487346938776,20.57142857142857,10.912244897959184,16,1.4821934126984126
21,6881.487346938776,20.57142857142857,11.846938775510203,16,1.4659934126984127
21,6881.487346938776,20.57142857142857,12.781632653061225,16,1.4707934126984128
21,6881.487346938776,20.57142857142857,13.716326530612244,16,1.432793412698413
21,6881.487346938776,20.57142857142857,15.585714285714285,16,1.4712846947496947
21,6881.487346938776,20.57142857142857,16.52040816326531,16,1.4679846947496946
21,6881.487346938776,20.57142857142857,17.455102040816328,16,1.477484694749695
21,6881.487346938776,21.06122448979592,10.912244897959184,16,1.4821934126984126
21,6881.487346938776,21.06122448979592,11.846938775510203,16,1.4659934126984127
21,6881.487346938776,21.06122448979592,12.781632653061225,16,1.4707934126984128
21,6881.487346938776,21.06122448979592,13.716326530612244,16,1.432793412698413
21,6881.487346938776,21.06122448979592,15.585714285714285,16,1.4712846947496947
21,6881.487346938776,21.06122448979592,16.52040816326531,16,1.4679846947496946
21,6881.487346938776,21.06122448979592,17.455102040816328,16,1.477484694749695
21,6881.487346938776,21.551020408163264,10.912244897959184,16,1.4891934126984128
21,6881.487346938776,21.551020408163264,11.846938775510203,16,1.4718184126984124
21,6881.487346938776,21.551020408163264,12.781632653061225,16,1.4702184126984128
21,6881.487346938776,21.551020408163264,13.716326530612244,16,1.4322184126984125
21,6881.487346938776,21.551020408163264,15.585714285714285,16,1.4357096947496948
21,6881.487346938776,21.551020408163264,16.52040816326531,16,1.432409694749695
21,6881.487346938776,21.551020408163264,17.455102040816328,16,1.448309694749695
21,6881.487346938776,21.551020408163264,21.193877551020407,16,1.4776296947496947
21,6881.487346938776,21.551020408163264,22.12857142857143,16,1.4577663614163612
21,6881.487346938776,21.551020408163264,23.99795918367347,16,1.4732380280830284
21,6881.487346938776,21.551020408163264,24.93265306122449,16,1.4914380280830286
21,6881.487346938776,21.551020408163264,25.86734693877551,16,1.4914380280830286
21,6881.487346938776,22.04081632653061,10.912244897959184,16,1.4891934126984128
21,6881.487346938776,22.04081632653061,11.846938775510203,16,1.4718184126984124
21,6881.487346938776,22.04081632653061,12.781632653061225,16,1.4702184126984128
21,6881.487346938776,22.04081632653061,13.716326530612244,16,1.4322184126984125
21,6881.487346938776,22.04081632653061,15.585714285714285,16,1.4357096947496948
21,6881.487346938776,22.04081632653061,16.52040816326531,16,1.432409694749695
21,6881.487346938776,22.04081632653061,17.455102040816328,16,1.448309694749695
21,6881.487346938776,22.04081632653061,21.193877551020407,16,1.4776296947496947
21,6881.487346938776,22.04081632653061,22.12857142857143,16,1.4577663614163612
21,6881.487346938776,22.04081632653061,23.99795918367347,16,1.4732380280830284
21,6881.487346938776,22.04081632653061,24.93265306122449,16,1.4914380280830286
21,6881.487346938776,22.04081632653061,25.86734693877551,16,1.4914380280830286
21,6881.487346938776,22.53061224489796,13.716326530612244,16,1.4867627777777772
21,6881.487346938776,22.53061224489796,15.585714285714285,16,1.4625873931623932
21,6881.487346938776,22.53061224489796,16.52040816326531,16,1.4473873931623933
21,6881.487346938776,22.53061224489796,21.193877551020407,16,1.498607393162393
21,6881.487346938776,23.020408163265305,13.716326530612244,16,1.4867627777777772
21,6881.487346938776,23.020408163265305,15.585714285714285,16,1.4625873931623932
21,6881.487346938776,23.020408163265305,16.52040816326531,16,1.4473873931623933
21,6881.487346938776,23.020408163265305,21.193877551020407,16,1.498607393162393
21,6881.487346938776,23.51020408163265,27.73673469387755,16,1.474473373493976
21,6881.487346938776,23.51020408163265,28.67142857142857,16,1.474473373493976
21,6881.487346938776,24.0,27.73673469387755,16,1.474473373493976
21,6881.487346938776,24.0,28.67142857142857,16,1.474473373493976
22,0.0,20.57142857142857,13.716326530612244,16,1.4970934126984128
22,0.0,20.57142857142857,15.585714285714285,16,1.4852846947496945
22,0.0,20.57142857142857,16.52040816326531,16,1.4852846947496945
22,0.0,20.57142857142857,17.455102040816328,16,1.4947846947496948
22,0.0,21.06122448979592,13.716326530612244,16,1.4970934126984128
22,0.0,21.06122448979592,15.585714285714285,16,1.4852846947496945
22,0.0,21.06122448979592,16.52040816326531,16,1.4852846947496945
22,0.0,21.06122448979592,17.455102040816328,16,1.4947846947496948
22,0.0,21.551020408163264,13.716326530612244,16,1.4881184126984126
22,0.0,21.551020408163264,15.585714285714285,16,1.4653096947496946
22,0.0,21.551020408163264,16.52040816326531,16,1.4653096947496946
22,0.0,21.551020408163264,17.455102040816328,16,1.4812096947496949
22,0.0,21.551020408163264,21.193877551020407,16,1.4961296947496947
22,0.0,22.04081632653061,13.716326530612244,16,1.4881184126984126
22,0.0,22.04081632653061,15.585714285714285,16,1.4653096947496946
22,0.0,22.04081632653061,16.52040816326531,16,1.4653096947496946
22,0.0,22.04081632653061,17.455102040816328,16,1.4812096947496949
22,0.0,22.04081632653061,21.193877551020407,16,1.4961296947496947
22,0.0,22.53061224489796,15.585714285714285,16,1.4924873931623932
22,0.0,22.53061224489796,16.52040816326531,16,1.4772873931623929
22,0.0,23.020408163265305,15.585714285714285,16,1.4924873931623932
22,0.0,23.020408163265305,16.52040816326531,16,1.4772873931623929
22,0.0,23.51020408163265,27.73673469387755,16,1.4824333734939759
22,0.0,23.51020408163265,28.67142857142857,16,1.4824333734939759
22,0.0,23.51020408163265,29.60612244897959,16,1.4782244846050876
22,0.0,23.51020408163265,30.540816326530614,16,1.4782244846050876
22,0.0,24.0,27.73673469387755,16,1.4824333734939759
22,0.0,24.0,28.67142857142857,16,1.4824333734939759
22,0.0,24.0,29.60612244897959,16,1.4782244846050876
22,0.0,24.0,30.540816326530614,16,1.4782244846050876
22,860.185918367347,20.57142857142857,13.716326530612244,16,1.4970934126984128
22,860.185918367347,20.57142857142857,15.585714285714285,16,1.4852846947496945
22,860.185918367347,20.57142857142857,16.52040816326531,16,1.4852846947496945
22,860.185918367347,20.57142857142857,17.455102040816328,16,1.4947846947496948
22,860.185918367347,21.06122448979592,13.716326530612244,16,1.4970934126984128
22,860.185918367347,21.06122448979592,15.585714285714285,16,1.4852846947496945
22,860.185918367347,21.06122448979592,16.52040816326531,16,1.4852846947496945
22,860.185918367347,21.06122448979592,17.455102040816328,16,1.4947846947496948
22,860.185918367347,21.551020408163264,13.716326530612244,16,1.4881184126984126
22,860.185918367347,21.551020408163264,15.585714285714285,16,1.4653096947496946
22,860.185918367347,21.551020408163264,16.52040816326531,16,1.4653096947496946
22,860.185918367347,21.551020408163264,17.455102040816328,16,1.4812096947496949
22,860.185918367347,21.551020408163264,21.193877551020407,16,1.4961296947496947
22,860.185918367347,22.04081632653061,13.716326530612244,16,1.4881184126984126
22,860.185918367347,22.04081632653061,15.585714285714285,16,1.4653096947496946
22,860.185918367347,22.04081632653061,16.52040816326531,16,1.4653096947496946
22,860.185918367347,22.04081632653061,17.455102040816328,16,1.4812096947496949
22,860.185918367347,22.04081632653061,21.193877551020407,16,1.4961296947496947
22,860.185918367347,22.53061224489796,15.585714285714285,16,1.4924873931623932
22,860.185918367347,22.53061224489796,16.52040816326531,16,1.4772873931623929
22,860.185918367347,23.020408163265305,15.585714285714285,16,1.4924873931623932
22,860.185918367347,23.020408163265305,16.52040816326531,16,1.4772873931623929
22,860.185918367347,23.51020408163265,27.73673469387755,16,1.4824333734939759
22,860.185918367347,23.51020408163265,28.67142857142857,16,1.4824333734939759
22,860.185918367347,23.51020408163265,29.60612244897959,16,1.4782244846050876
22,860.185918367347,23.51020408163265,30.540816326530614,16,1.4782244846050876
22,860.185918367347,24.0,27.73673469387755,16,1.4824333734939759
22,860.185918367347,24.0,28.67142857142857,16,1.4824333734939759
22,860.185918367347,24.0,29.60612244897959,16,1.4782244846050876
22,860.185918367347,24.0,30.540816326530614,16,1.4782244846050876
22,1720.371836734694,20.57142857142857,13.716326530612244,16,1.4970934126984128
22,1720.371836734694,20.57142857142857,15.585714285714285,16,1.4852846947496945
22,1720.371836734694,20.57142857142857,16.52040816326531,16,1.4852846947496945
22,1720.371836734694,20.57142857142857,17.455102040816328,16,1.4947846947496948
22,1720.371836734694,21.06122448979592,13.716326530612244,16,1.4970934126984128
22,1720.371836734694,21.06122448979592,15.585714285714285,16,1.4852846947496945
22,1720.371836734694,21.06122448979592,16.52040816326531,16,1.4852846947496945
22,1720.371836734694,21.06122448979592,17.455102040816328,16,1.4947846947496948
22,1720.371836734694,21.551020408163264,13.716326530612244,16,1.4881184126984126
22,1720.371836734694,21.551020408163264,15.585714285714285,16,1.4653096947496946
22,1720.371836734694,21.551020408163264,16.52040816326531,16,1.4653096947496946
22,1720.371836734694,21.551020408163264,17.455102040816328,16,1.4812096947496949
22,1720.371836734694,21.551020408163264,21.193877551020407,16,1.4961296947496947
22,1720.371836734694,22.04081632653061,13.716326530612244,16,1.4881184126984126
22,1720.371836734694,22.04081632653061,15.585714285714285,16,1.4653096947496946
22,1720.371836734694,22.04081632653061,16.52040816326531,16,1.4653096947496946
22,1720.371836734694,22.04081632653061,17.455102040816328,16,1.4812096947496949
22,1720.371836734694,22.04081632653061,21.193877551020407,16,1.4961296947496947
22,1720.371836734694,22.53061224489796,15.585714285714285,16,1.4924873931623932
22,1720.371836734694,22.53061224489796,16.52040816326531,16,1.4772873931623929
22,1720.371836734694,23.020408163265305,15.585714285714285,16,1.4924873931623932
22,1720.371836734694,23.020408163265305,16.52040816326531,16,1.4772873931623929
22,1720.371836734694,23.51020408163265,27.73673469387755,16,1.4824333734939759
22,1720.371836734694,23.51020408163265,28.67142857142857,16,1.4824333734939759
22,1720.371836734694,23.51020408163265,29.60612244897959,16,1.4782244846050876
22,1720.371836734694,23.51020408163265,30.540816326530614,16,1.4782244846050876
22,1720.371836734694,24.0,27.73673469387755,16,1.4824333734939759
22,1720.371836734694,24.0,28.67142857142857,16,1.4824333734939759
22,1720.371836734694,24.0,29.60612244897959,16,1.4782244846050876
22,1720.371836734694,24.0,30.540816326530614,16,1.4782244846050876
22,2580.557755102041,20.57142857142857,13.716326530612244,16,1.4970934126984128
22,2580.557755102041,20.57142857142857,15.585714285714285,16,1.4852846947496945
22,2580.557755102041,20.57142857142857,16.52040816326531,16,1.4852846947496945
22,2580.557755102041,20.57142857142857,17.455102040816328,16,1.4947846947496948
22,2580.557755102041,21.06122448979592,13.716326530612244,16,1.4970934126984128
22,2580.557755102041,21.06122448979592,15.585714285714285,16,1.4852846947496945
22,2580.557755102041,21.06122448979592,16.52040816326531,16,1.4852846947496945
22,2580.557755102041,21.06122448979592,17.455102040816328,16,1.4947846947496948
22,2580.557755102041,21.551020408163264,13.716326530612244,16,1.4881184126984126
22,2580.557755102041,21.551020408163264,15.585714285714285,16,1.4653096947496946
22,2580.557755102041,21.551020408163264,16.52040816326531,16,1.4653096947496946
22,2580.557755102041,21.551020408163264,17.455102040816328,16,1.4812096947496949
22,2580.557755102041,21.551020408163264,21.193877551020407,16,1.4961296947496947
22,2580.557755102041,22.04081632653061,13.716326530612244,16,1.4881184126984126
22,2580.557755102041,22.04081632653061,15.585714285714285,16,1.4653096947496946
22,2580.557755102041,22.04081632653061,16.52040816326531,16,1.4653096947496946
22,2580.557755102041,22.04081632653061,17.455102040816328,16,1.4812096947496949
22,2580.557755102041,22.04081632653061,21.193877551020407,16,1.4961296947496947
22,2580.557755102041,22.53061224489796,15.585714285714285,16,1.4924873931623932
22,2580.557755102041,22.53061224489796,16.52040816326531,16,1.4772873931623929
22,2580.557755102041,23.020408163265305,15.585714285714285,16,1.4924873931623932
22,2580.557755102041,23.020408163265305,16.52040816326531,16,1.4772873931623929
22,2580.557755102041,23.51020408163265,27.73673469387755,16,1.4824333734939759
22,2580.557755102041,23.51020408163265,28.67142857142857,16,1.4824333734939759
22,2580.557755102041,23.51020408163265,29.60612244897959,16,1.4782244846050876
22,2580.557755102041,23.51020408163265,30.540816326530614,16,1.4782244846050876
22,2580.557755102041,24.0,27.73673469387755,16,1.4824333734939759
22,2580.557755102041,24.0,28.67142857142857,16,1.4824333734939759
22,2580.557755102041,24.0,29.60612244897959,16,1.4782244846050876
22,2580.557755102041,24.0,30.540816326530614,16,1.4782244846050876
22,3440.743673469388,20.57142857142857,13.716326530612244,16,1.4970934126984128
22,3440.743673469388,20.57142857142857,15.585714285714285,16,1.4852846947496945
22,3440.743673469388,20.57142857142857,16.52040816326531,16,1.4852846947496945
22,3440.743673469388,20.57142857142857,17.455102040816328,16,1.4947846947496948
22,3440.743673469388,21.06122448979592,13.716326530612244,16,1.4970934126984128
22,3440.743673469388,21.06122448979592,15.585714285714285,16,1.4852846947496945
22,3440.743673469388,21.06122448979592,16.52040816326531,16,1.4852846947496945
22,3440.743673469388,21.06122448979592,17.455102040816328,16,1.4947846947496948
22,3440.743673469388,21.551020408163264,13.716326530612244,16,1.4881184126984126
22,3440.743673469388,21.551020408163264,15.585714285714285,16,1.4653096947496946
22,3440.743673469388,21.551020408163264,16.52040816326531,16,1.4653096947496946
22,3440.743673469388,21.551020408163264,17.455102040816328,16,1.4812096947496949
22,3440.743673469388,21.551020408163264,21.193877551020407,16,1.4961296947496947
22,3440.743673469388,22.04081632653061,13.716326530612244,16,1.4881184126984126
22,3440.743673469388,22.04081632653061,15.585714285714285,16,1.4653096947496946
22,3440.743673469388,22.04081632653061,16.52040816326531,16,1.4653096947496946
22,3440.743673469388,22.04081632653061,17.455102040816328,16,1.4812096947496949
22,3440.743673469388,22.04081632653061,21.193877551020407,16,1.4961296947496947
22,3440.743673469388,22.53061224489796,15.585714285714285,16,1.4924873931623932
22,3440.743673469388,22.53061224489796,16.52040816326531,16,1.4772873931623929
22,3440.743673469388,23.020408163265305,15.585714285714285,16,1.4924873931623932
22,3440.743673469388,23.020408163265305,16.52040816326531,16,1.4772873931623929
22,3440.743673469388,23.51020408163265,27.73673469387755,16,1.4824333734939759
22,3440.743673469388,23.51020408163265,28.67142857142857,16,1.4824333734939759
22,3440.743673469388,23.51020408163265,29.60612244897959,16,1.4782244846050876
22,3440.743673469388,23.51020408163265,30.540816326530614,16,1.4782244846050876
22,3440.743673469388,24.0,27.73673469387755,16,1.4824333734939759
22,3440.743673469388,24.0,28.67142857142857,16,1.4824333734939759
22,3440.743673469388,24.0,29.60612244897959,16,1.4782244846050876
22,3440.743673469388,24.0,30.540816326530614,16,1.4782244846050876
22,4300.929591836735,20.57142857142857,13.716326530612244,16,1.4970934126984128
22,4300.929591836735,20.57142857142857,15.585714285714285,16,1.4852846947496945
22,4300.929591836735,20.57142857142857,16.52040816326531,16,1.4852846947496945
22,4300.929591836735,20.57142857142857,17.455102040816328,16,1.4947846947496948
22,4300.929591836735,21.06122448979592,13.716326530612244,16,1.4970934126984128
22,4300.929591836735,21.06122448979592,15.585714285714285,16,1.4852846947496945
22,4300.929591836735,21.06122448979592,16.52040816326531,16,1.4852846947496945
22,4300.929591836735,21.06122448979592,17.455102040816328,16,1.4947846947496948
22,4300.929591836735,21.551020408163264,13.716326530612244,16,1.4881184126984126
22,4300.929591836735,21.551020408163264,15.585714285714285,16,1.4653096947496946
22,4300.929591836735,21.551020408163264,16.52040816326531,16,1.4653096947496946
22,4300.929591836735,21.551020408163264,17.455102040816328,16,1.4812096947496949
22,4300.929591836735,21.551020408163264,21.193877551020407,16,1.4961296947496947
22,4300.929591836735,22.04081632653061,13.716326530612244,16,1.4881184126984126
22,4300.929591836735,22.04081632653061,15.585714285714285,16,1.4653096947496946
22,4300.929591836735,22.04081632653061,16.52040816326531,16,1.4653096947496946
22,4300.929591836735,22.04081632653061,17.455102040816328,16,1.4812096947496949
22,4300.929591836735,22.04081632653061,21.193877551020407,16,1.4961296947496947
22,4300.929591836735,22.53061224489796,15.585714285714285,16,1.4924873931623932
22,4300.929591836735,22.53061224489796,16.52040816326531,16,1.4772873931623929
22,4300.929591836735,23.020408163265305,15.585714285714285,16,1.4924873931623932
22,4300.929591836735,23.020408163265305,16.52040816326531,16,1.4772873931623929
22,4300.929591836735,23.51020408163265,27.73673469387755,16,1.4824333734939759
22,4300.929591836735,23.51020408163265,28.67142857142857,16,1.4824333734939759
22,4300.929591836735,23.51020408163265,29.60612244897959,16,1.4782244846050876
22,4300.929591836735,23.51020408163265,30.540816326530614,16,1.4782244846050876
22,4300.929591836735,24.0,27.73673469387755,16,1.4824333734939759
22,4300.929591836735,24.0,28.67142857142857,16,1.4824333734939759
22,4300.929591836735,24.0,29.60612244897959,16,1.4782244846050876
22,4300.929591836735,24.0,30.540816326530614,16,1.4782244846050876
22,5161.115510204082,20.57142857142857,13.716326530612244,16,1.4970934126984128
22,5161.115510204082,20.57142857142857,15.585714285714285,16,1.4852846947496945
22,5161.115510204082,20.57142857142857,16.52040816326531,16,1.4852846947496945
22,5161.115510204082,20.57142857142857,17.455102040816328,16,1.4947846947496948
22,5161.115510204082,21.06122448979592,13.716326530612244,16,1.4970934126984128
22,5161.115510204082,21.06122448979592,15.585714285714285,16,1.4852846947496945
22,5161.115510204082,21.06122448979592,16.52040816326531,16,1.4852846947496945
22,5161.115510204082,21.06122448979592,17.455102040816328,16,1.4947846947496948
22,5161.115510204082,21.551020408163264,13.716326530612244,16,1.4881184126984126
22,5161.115510204082,21.551020408163264,15.585714285714285,16,1.4653096947496946
22,5161.115510204082,21.551020408163264,16.52040816326531,16,1.4653096947496946
22,5161.115510204082,21.551020408163264,17.455102040816328,16,1.4812096947496949
22,5161.115510204082,21.551020408163264,21.193877551020407,16,1.4961296947496947
22,5161.115510204082,22.04081632653061,13.716326530612244,16,1.4881184126984126
22,5161.115510204082,22.04081632653061,15.585714285714285,16,1.4653096947496946
22,5161.115510204082,22.04081632653061,16.52040816326531,16,1.4653096947496946
22,5161.115510204082,22.04081632653061,17.455102040816328,16,1.4812096947496949
22,5161.115510204082,22.04081632653061,21.193877551020407,16,1.4961296947496947
22,5161.115510204082,22.53061224489796,15.585714285714285,16,1.4924873931623932
22,5161.115510204082,22.53061224489796,16.52040816326531,16,1.4772873931623929
22,5161.115510204082,23.020408163265305,15.585714285714285,16,1.4924873931623932
22,5161.115510204082,23.020408163265305,16.52040816326531,16,1.4772873931623929
22,5161.115510204082,23.51020408163265,27.73673469387755,16,1.4824333734939759
22,5161.115510204082,23.51020408163265,28.67142857142857,16,1.4824333734939759
22,5161.115510204082,23.51020408163265,29.60612244897959,16,1.4782244846050876
22,5161.115510204082,23.51020408163265,30.540816326530614,16,1.4782244846050876
22,5161.115510204082,24.0,27.73673469387755,16,1.4824333734939759
22,5161.115510204082,24.0,28.67142857142857,16,1.4824333734939759
22,5161.115510204082,24.0,29.60612244897959,16,1.4782244846050876
22,5161.115510204082,24.0,30.540816326530614,16,1.4782244846050876
22,6021.301428571429,20.57142857142857,13.716326530612244,16,1.4970934126984128
22,6021.301428571429,20.57142857142857,15.585714285714285,16,1.4852846947496945
22,6021.301428571429,20.57142857142857,16.52040816326531,16,1.4852846947496945
22,6021.301428571429,20.57142857142857,17.455102040816328,16,1.4947846947496948
22,6021.301428571429,21.06122448979592,13.716326530612244,16,1.4970934126984128
22,6021.301428571429,21.06122448979592,15.585714285714285,16,1.4852846947496945
22,6021.301428571429,21.06122448979592,16.52040816326531,16,1.4852846947496945
22,6021.301428571429,21.06122448979592,17.455102040816328,16,1.4947846947496948
22,6021.301428571429,21.551020408163264,13.716326530612244,16,1.4881184126984126
22,6021.301428571429,21.551020408163264,15.585714285714285,16,1.4653096947496946
22,6021.301428571429,21.551020408163264,16.52040816326531,16,1.4653096947496946
22,6021.301428571429,21.551020408163264,17.455102040816328,16,1.4812096947496949
22,6021.301428571429,21.551020408163264,21.193877551020407,16,1.4961296947496947
22,6021.301428571429,22.04081632653061,13.716326530612244,16,1.4881184126984126
22,6021.301428571429,22.04081632653061,15.585714285714285,16,1.4653096947496946
22,6021.301428571429,22.04081632653061,16.52040816326531,16,1.4653096947496946
22,6021.301428571429,22.04081632653061,17.455102040816328,16,1.4812096947496949
22,6021.301428571429,22.04081632653061,21.193877551020407,16,1.4961296947496947
22,6021.301428571429,22.53061224489796,15.585714285714285,16,1.4924873931623932
22,6021.301428571429,22.53061224489796,16.52040816326531,16,1.4772873931623929
22,6021.301428571429,23.020408163265305,15.585714285714285,16,1.4924873931623932
22,6021.301428571429,23.020408163265305,16.52040816326531,16,1.4772873931623929
22,6021.301428571429,23.51020408163265,27.73673469387755,16,1.4824333734939759
22,6021.301428571429,23.51020408163265,28.67142857142857,16,1.4824333734939759
22,6021.301428571429,23.51020408163265,29.60612244897959,16,1.4782244846050876
22,6021.301428571429,23.51020408163265,30.540816326530614,16,1.4782244846050876
22,6021.301428571429,24.0,27.73673469387755,16,1.4824333734939759
22,6021.301428571429,24.0,28.67142857142857,16,1.4824333734939759
22,6021.301428571429,24.0,29.60612244897959,16,1.4782244846050876
22,6021.301428571429,24.0,30.540816326530614,16,1.4782244846050876
22,6881.487346938776,20.57142857142857,13.716326530612244,16,1.4970934126984128
22,6881.487346938776,20.57142857142857,15.585714285714285,16,1.4852846947496945
22,6881.487346938776,20.57142857142857,16.52040816326531,16,1.4852846947496945
22,6881.487346938776,20.57142857142857,17.455102040816328,16,1.4947846947496948
22,6881.487346938776,21.06122448979592,13.716326530612244,16,1.4970934126984128
22,6881.487346938776,21.06122448979592,15.585714285714285,16,1.4852846947496945
22,6881.487346938776,21.06122448979592,16.52040816326531,16,1.4852846947496945
22,6881.487346938776,21.06122448979592,17.455102040816328,16,1.4947846947496948
22,6881.487346938776,21.551020408163264,13.716326530612244,16,1.4881184126984126
22,6881.487346938776,21.551020408163264,15.585714285714285,16,1.4653096947496946
22,6881.487346938776,21.551020408163264,16.52040816326531,16,1.4653096947496946
22,6881.487346938776,21.551020408163264,17.455102040816328,16,1.4812096947496949
22,6881.487346938776,21.551020408163264,21.193877551020407,16,1.4961296947496947
22,6881.487346938776,22.04081632653061,13.716326530612244,16,1.4881184126984126
22,6881.487346938776,22.04081632653061,15.585714285714285,16,1.4653096947496946
22,6881.487346938776,22.04081632653061,16.52040816326531,16,1.4653096947496946
22,6881.487346938776,22.04081632653061,17.455102040816328,16,1.4812096947496949
22,6881.487346938776,22.04081632653061,21.193877551020407,16,1.4961296947496947
22,6881.487346938776,22.53061224489796,15.585714285714285,16,1.4924873931623932
22,6881.487346938776,22.53061224489796,16.52040816326531,16,1.4772873931623929
22,6881.487346938776,23.020408163265305,15.585714285714285,16,1.4924873931623932
22,6881.487346938776,23.020408163265305,16.52040816326531,16,1.4772873931623929
22,6881.487346938776,23.51020408163265,27.73673469387755,16,1.4824333734939759
22,6881.487346938776,23.51020408163265,28.67142857142857,16,1.4824333734939759
22,6881.487346938776,23.51020408163265,29.60612244897959,16,1.4782244846050876
22,6881.487346938776,23.51020408163265,30.540816326530614,16,1.4782244846050876
22,6881.487346938776,24.0,27.73673469387755,16,1.4824333734939759
22,6881.487346938776,24.0,28.67142857142857,16,1.4824333734939759
22,6881.487346938776,24.0,29.60612244897959,16,1.4782244846050876
22,6881.487346938776,24.0,30.540816326530614,16,1.4782244846050876
23,0.0,20.57142857142857,13.716326530612244,16,1.4970934126984128
23,0.0,20.57142857142857,15.585714285714285,16,1.4852846947496945
23,0.0,20.57142857142857,16.52040816326531,16,1.4852846947496945
23,0.0,20.57142857142857,17.455102040816328,16,1.4947846947496948
23,0.0,21.06122448979592,13.716326530612244,16,1.4970934126984128
23,0.0,21.06122448979592,15.585714285714285,16,1.4852846947496945
23,0.0,21.06122448979592,16.52040816326531,16,1.4852846947496945
23,0.0,21.06122448979592,17.455102040816328,16,1.4947846947496948
23,0.0,21.551020408163264,13.716326530612244,16,1.4881184126984126
23,0.0,21.551020408163264,15.585714285714285,16,1.4653096947496946
23,0.0,21.551020408163264,16.52040816326531,16,1.4653096947496946
23,0.0,21.551020408163264,17.455102040816328,16,1.4812096947496949
23,0.0,21.551020408163264,21.193877551020407,16,1.4961296947496947
23,0.0,22.04081632653061,13.716326530612244,16,1.4881184126984126
23,0.0,22.04081632653061,15.585714285714285,16,1.4653096947496946
23,0.0,22.04081632653061,16.52040816326531,16,1.4653096947496946
23,0.0,22.04081632653061,17.455102040816328,16,1.4812096947496949
23,0.0,22.04081632653061,21.193877551020407,16,1.4961296947496947
23,0.0,22.53061224489796,15.585714285714285,16,1.4924873931623932
23,0.0,22.53061224489796,16.52040816326531,16,1.4772873931623929
23,0.0,23.020408163265305,15.585714285714285,16,1.4924873931623932
23,0.0,23.020408163265305,16.52040816326531,16,1.4772873931623929
23,0.0,23.51020408163265,27.73673469387755,16,1.485533373493976
23,0.0,23.51020408163265,28.67142857142857,16,1.485533373493976
23,0.0,23.51020408163265,29.60612244897959,16,1.4813244846050875
23,0.0,23.51020408163265,30.540816326530614,16,1.4813244846050875
23,0.0,24.0,27.73673469387755,16,1.485533373493976
23,0.0,24.0,28.67142857142857,16,1.485533373493976
23,0.0,24.0,29.60612244897959,16,1.4813244846050875
23,0.0,24.0,30.540816326530614,16,1.4813244846050875
23,860.185918367347,20.57142857142857,13.716326530612244,16,1.4970934126984128
23,860.185918367347,20.57142857142857,15.585714285714285,16,1.4852846947496945
23,860.185918367347,20.57142857142857,16.52040816326531,16,1.4852846947496945
23,860.185918367347,20.57142857142857,17.455102040816328,16,1.4947846947496948
23,860.185918367347,21.06122448979592,13.716326530612244,16,1.4970934126984128
23,860.185918367347,21.06122448979592,15.585714285714285,16,1.4852846947496945
23,860.185918367347,21.06122448979592,16.52040816326531,16,1.4852846947496945
23,860.185918367347,21.06122448979592,17.455102040816328,16,1.4947846947496948
23,860.185918367347,21.551020408163264,13.716326530612244,16,1.4881184126984126
23,860.185918367347,21.551020408163264,15.585714285714285,16,1.4653096947496946
23,860.185918367347,21.551020408163264,16.52040816326531,16,1.4653096947496946
23,860.185918367347,21.551020408163264,17.455102040816328,16,1.4812096947496949
23,860.185918367347,21.551020408163264,21.193877551020407,16,1.4961296947496947
23,860.185918367347,22.04081632653061,13.716326530612244,16,1.4881184126984126
23,860.185918367347,22.04081632653061,15.585714285714285,16,1.4653096947496946
23,860.185918367347,22.04081632653061,16.52040816326531,16,1.4653096947496946
23,860.185918367347,22.04081632653061,17.455102040816328,16,1.4812096947496949
23,860.185918367347,22.04081632653061,21.193877551020407,16,1.4961296947496947
23,860.185918367347,22.53061224489796,15.585714285714285,16,1.4924873931623932
23,860.185918367347,22.53061224489796,16.52040816326531,16,1.4772873931623929
23,860.185918367347,23.020408163265305,15.585714285714285,16,1.4924873931623932
23,860.185918367347,23.020408163265305,16.52040816326531,16,1.4772873931623929
23,860.185918367347,23.51020408163265,27.73673469387755,16,1.485533373493976
23,860.185918367347,23.51020408163265,28.67142857142857,16,1.485533373493976
23,860.185918367347,23.51020408163265,29.60612244897959,16,1.4813244846050875
23,860.185918367347,23.51020408163265,30.540816326530614,16,1.4813244846050875
23,860.185918367347,24.0,27.73673469387755,16,1.485533373493976
23,860.185918367347,24.0,28.67142857142857,16,1.485533373493976
23,860.185918367347,24.0,29.60612244897959,16,1.4813244846050875
23,860.185918367347,24.0,30.540816326530614,16,1.4813244846050875
23,1720.371836734694,20.57142857142857,13.716326530612244,16,1.4970934126984128
23,1720.371836734694,20.57142857142857,15.585714285714285,16,1.4852846947496945
23,1720.371836734694,20.57142857142857,16.52040816326531,16,1.4852846947496945
23,1720.371836734694,20.57142857142857,17.455102040816328,16,1.4947846947496948
23,1720.371836734694,21.06122448979592,13.716326530612244,16,1.4970934126984128
23,1720.371836734694,21.06122448979592,15.585714285714285,16,1.4852846947496945
23,1720.371836734694,21.06122448979592,16.52040816326531,16,1.4852846947496945
23,1720.371836734694,21.06122448979592,17.455102040816328,16,1.4947846947496948
23,1720.371836734694,21.551020408163264,13.716326530612244,16,1.4881184126984126
23,1720.371836734694,21.551020408163264,15.585714285714285,16,1.4653096947496946
23,1720.371836734694,21.551020408163264,16.52040816326531,16,1.4653096947496946
23,1720.371836734694,21.551020408163264,17.455102040816328,16,1.4812096947496949
23,1720.371836734694,21.551020408163264,21.193877551020407,16,1.4961296947496947
23,1720.371836734694,22.04081632653061,13.716326530612244,16,1.4881184126984126
23,1720.371836734694,22.04081632653061,15.585714285714285,16,1.4653096947496946
23,1720.371836734694,22.04081632653061,16.52040816326531,16,1.4653096947496946
23,1720.371836734694,22.04081632653061,17.455102040816328,16,1.4812096947496949
23,1720.371836734694,22.04081632653061,21.193877551020407,16,1.4961296947496947
23,1720.371836734694,22.53061224489796,15.585714285714285,16,1.4924873931623932
23,1720.371836734694,22.53061224489796,16.52040816326531,16,1.4772873931623929
23,1720.371836734694,23.020408163265305,15.585714285714285,16,1.4924873931623932
23,1720.371836734694,23.020408163265305,16.52040816326531,16,1.4772873931623929
23,1720.371836734694,23.51020408163265,27.73673469387755,16,1.485533373493976
23,1720.371836734694,23.51020408163265,28.67142857142857,16,1.485533373493976
23,1720.371836734694,23.51020408163265,29.60612244897959,16,1.4813244846050875
23,1720.371836734694,23.51020408163265,30.540816326530614,16,1.4813244846050875
23,1720.371836734694,24.0,27.73673469387755,16,1.485533373493976
23,1720.371836734694,24.0,28.67142857142857,16,1.485533373493976
23,1720.371836734694,24.0,29.60612244897959,16,1.4813244846050875
23,1720.371836734694,24.0,30.540816326530614,16,1.4813244846050875
23,2580.557755102041,20.57142857142857,13.716326530612244,16,1.4970934126984128
23,2580.557755102041,20.57142857142857,15.585714285714285,16,1.4852846947496945
23,2580.557755102041,20.57142857142857,16.52040816326531,16,1.4852846947496945
23,2580.557755102041,20.57142857142857,17.455102040816328,16,1.4947846947496948
23,2580.557755102041,21.06122448979592,13.716326530612244,16,1.4970934126984128
23,2580.557755102041,21.06122448979592,15.585714285714285,16,1.4852846947496945
23,2580.557755102041,21.06122448979592,16.52040816326531,16,1.4852846947496945
23,2580.557755102041,21.06122448979592,17.455102040816328,16,1.4947846947496948
23,2580.557755102041,21.551020408163264,13.716326530612244,16,1.4881184126984126
23,2580.557755102041,21.551020408163264,15.585714285714285,16,1.4653096947496946
23,2580.557755102041,21.551020408163264,16.52040816326531,16,1.4653096947496946
23,2580.557755102041,21.551020408163264,17.455102040816328,16,1.4812096947496949
23,2580.557755102041,21.551020408163264,21.193877551020407,16,1.4961296947496947
23,2580.557755102041,22.04081632653061,13.716326530612244,16,1.4881184126984126
23,2580.557755102041,22.04081632653061,15.585714285714285,16,1.4653096947496946
23,2580.557755102041,22.04081632653061,16.52040816326531,16,1.4653096947496946
23,2580.557755102041,22.04081632653061,17.455102040816328,16,1.4812096947496949
23,2580.557755102041,22.04081632653061,21.193877551020407,16,1.4961296947496947
23,2580.557755102041,22.53061224489796,15.585714285714285,16,1.4924873931623932
23,2580.557755102041,22.53061224489796,16.52040816326531,16,1.4772873931623929
23,2580.557755102041,23.020408163265305,15.585714285714285,16,1.4924873931623932
23,2580.557755102041,23.020408163265305,16.52040816326531,16,1.4772873931623929
23,2580.557755102041,23.51020408163265,27.73673469387755,16,1.485533373493976
23,2580.557755102041,23.51020408163265,28.67142857142857,16,1.485533373493976
23,2580.557755102041,23.51020408163265,29.60612244897959,16,1.4813244846050875
23,2580.557755102041,23.51020408163265,30.540816326530614,16,1.4813244846050875
23,2580.557755102041,24.0,27.73673469387755,16,1.485533373493976
23,2580.557755102041,24.0,28.67142857142857,16,1.485533373493976
23,2580.557755102041,24.0,29.60612244897959,16,1.4813244846050875
23,2580.557755102041,24.0,30.540816326530614,16,1.4813244846050875
23,3440.743673469388,20.57142857142857,13.716326530612244,16,1.4970934126984128
23,3440.743673469388,20.57142857142857,15.585714285714285,16,1.4852846947496945
23,3440.743673469388,20.57142857142857,16.52040816326531,16,1.4852846947496945
23,3440.743673469388,20.57142857142857,17.455102040816328,16,1.4947846947496948
23,3440.743673469388,21.06122448979592,13.716326530612244,16,1.4970934126984128
23,3440.743673469388,21.06122448979592,15.585714285714285,16,1.4852846947496945
23,3440.743673469388,21.06122448979592,16.52040816326531,16,1.4852846947496945
23,3440.743673469388,21.06122448979592,17.455102040816328,16,1.4947846947496948
23,3440.743673469388,21.551020408163264,13.716326530612244,16,1.4881184126984126
23,3440.743673469388,21.551020408163264,15.585714285714285,16,1.4653096947496946
23,3440.743673469388,21.551020408163264,16.52040816326531,16,1.4653096947496946
23,3440.743673469388,21.551020408163264,17.455102040816328,16,1.4812096947496949
23,3440.743673469388,21.551020408163264,21.193877551020407,16,1.4961296947496947
23,3440.743673469388,22.04081632653061,13.716326530612244,16,1.4881184126984126
23,3440.743673469388,22.04081632653061,15.585714285714285,16,1.4653096947496946
23,3440.743673469388,22.04081632653061,16.52040816326531,16,1.4653096947496946
23,3440.743673469388,22.04081632653061,17.455102040816328,16,1.4812096947496949
23,3440.743673469388,22.04081632653061,21.193877551020407,16,1.4961296947496947
23,3440.743673469388,22.53061224489796,15.585714285714285,16,1.4924873931623932
23,3440.743673469388,22.53061224489796,16.52040816326531,16,1.4772873931623929
23,3440.743673469388,23.020408163265305,15.585714285714285,16,1.4924873931623932
23,3440.743673469388,23.020408163265305,16.52040816326531,16,1.4772873931623929
23,3440.743673469388,23.51020408163265,27.73673469387755,16,1.485533373493976
23,3440.743673469388,23.51020408163265,28.67142857142857,16,1.485533373493976
23,3440.743673469388,23.51020408163265,29.60612244897959,16,1.4813244846050875
23,3440.743673469388,23.51020408163265,30.540816326530614,16,1.4813244846050875
23,3440.743673469388,24.0,27.73673469387755,16,1.485533373493976
23,3440.743673469388,24.0,28.67142857142857,16,1.485533373493976
23,3440.743673469388,24.0,29.60612244897959,16,1.4813244846050875
23,3440.743673469388,24.0,30.540816326530614,16,1.4813244846050875
23,4300.929591836735,20.57142857142857,13.716326530612244,16,1.4970934126984128
23,4300.929591836735,20.57142857142857,15.585714285714285,16,1.4852846947496945
23,4300.929591836735,20.57142857142857,16.52040816326531,16,1.4852846947496945
23,4300.929591836735,20.57142857142857,17.455102040816328,16,1.4947846947496948
23,4300.929591836735,21.06122448979592,13.716326530612244,16,1.4970934126984128
23,4300.929591836735,21.06122448979592,15.585714285714285,16,1.4852846947496945
23,4300.929591836735,21.06122448979592,16.52040816326531,16,1.4852846947496945
23,4300.929591836735,21.06122448979592,17.455102040816328,16,1.4947846947496948
23,4300.929591836735,21.551020408163264,13.716326530612244,16,1.4881184126984126
23,4300.929591836735,21.551020408163264,15.585714285714285,16,1.4653096947496946
23,4300.929591836735,21.551020408163264,16.52040816326531,16,1.4653096947496946
23,4300.929591836735,21.551020408163264,17.455102040816328,16,1.4812096947496949
23,4300.929591836735,21.551020408163264,21.193877551020407,16,1.4961296947496947
23,4300.929591836735,22.04081632653061,13.716326530612244,16,1.4881184126984126
23,4300.929591836735,22.04081632653061,15.585714285714285,16,1.4653096947496946
23,4300.929591836735,22.04081632653061,16.52040816326531,16,1.4653096947496946
23,4300.929591836735,22.04081632653061,17.455102040816328,16,1.4812096947496949
23,4300.929591836735,22.04081632653061,21.193877551020407,16,1.4961296947496947
23,4300.929591836735,22.53061224489796,15.585714285714285,16,1.4924873931623932
23,4300.929591836735,22.53061224489796,16.52040816326531,16,1.4772873931623929
23,4300.929591836735,23.020408163265305,15.585714285714285,16,1.4924873931623932
23,4300.929591836735,23.020408163265305,16.52040816326531,16,1.4772873931623929
23,4300.929591836735,23.51020408163265,27.73673469387755,16,1.485533373493976
23,4300.929591836735,23.51020408163265,28.67142857142857,16,1.485533373493976
23,4300.929591836735,23.51020408163265,29.60612244897959,16,1.4813244846050875
23,4300.929591836735,23.51020408163265,30.540816326530614,16,1.4813244846050875
23,4300.929591836735,24.0,27.73673469387755,16,1.485533373493976
23,4300.929591836735,24.0,28.67142857142857,16,1.485533373493976
23,4300.929591836735,24.0,29.60612244897959,16,1.4813244846050875
23,4300.929591836735,24.0,30.540816326530614,16,1.4813244846050875
23,5161.115510204082,20.57142857142857,13.716326530612244,16,1.4970934126984128
23,5161.115510204082,20.57142857142857,15.585714285714285,16,1.4852846947496945
23,5161.115510204082,20.57142857142857,16.52040816326531,16,1.4852846947496945
23,5161.115510204082,20.57142857142857,17.455102040816328,16,1.4947846947496948
23,5161.115510204082,21.06122448979592,13.716326530612244,16,1.4970934126984128
23,5161.115510204082,21.06122448979592,15.585714285714285,16,1.4852846947496945
23,5161.115510204082,21.06122448979592,16.52040816326531,16,1.4852846947496945
23,5161.115510204082,21.06122448979592,17.455102040816328,16,1.4947846947496948
23,5161.115510204082,21.551020408163264,13.716326530612244,16,1.4881184126984126
23,5161.115510204082,21.551020408163264,15.585714285714285,16,1.4653096947496946
23,5161.115510204082,21.551020408163264,16.52040816326531,16,1.4653096947496946
23,5161.115510204082,21.551020408163264,17.455102040816328,16,1.4812096947496949
23,5161.115510204082,21.551020408163264,21.193877551020407,16,1.4961296947496947
23,5161.115510204082,22.04081632653061,13.716326530612244,16,1.4881184126984126
23,5161.115510204082,22.04081632653061,15.585714285714285,16,1.4653096947496946
23,5161.115510204082,22.04081632653061,16.52040816326531,16,1.4653096947496946
23,5161.115510204082,22.04081632653061,17.455102040816328,16,1.4812096947496949
23,5161.115510204082,22.04081632653061,21.193877551020407,16,1.4961296947496947
23,5161.115510204082,22.53061224489796,15.585714285714285,16,1.4924873931623932
23,5161.115510204082,22.53061224489796,16.52040816326531,16,1.4772873931623929
23,5161.115510204082,23.020408163265305,15.585714285714285,16,1.4924873931623932
23,5161.115510204082,23.020408163265305,16.52040816326531,16,1.4772873931623929
23,5161.115510204082,23.51020408163265,27.73673469387755,16,1.485533373493976
23,5161.115510204082,23.51020408163265,28.67142857142857,16,1.485533373493976
23,5161.115510204082,23.51020408163265,29.60612244897959,16,1.4813244846050875
23,5161.115510204082,23.51020408163265,30.540816326530614,16,1.4813244846050875
23,5161.115510204082,24.0,27.73673469387755,16,1.485533373493976
23,5161.115510204082,24.0,28.67142857142857,16,1.485533373493976
23,5161.115510204082,24.0,29.60612244897959,16,1.4813244846050875
23,5161.115510204082,24.0,30.540816326530614,16,1.4813244846050875
23,6021.301428571429,20.57142857142857,13.716326530612244,16,1.4970934126984128
23,6021.301428571429,20.57142857142857,15.585714285714285,16,1.4852846947496945
23,6021.301428571429,20.57142857142857,16.52040816326531,16,1.4852846947496945
23,6021.301428571429,20.57142857142857,17.455102040816328,16,1.4947846947496948
23,6021.301428571429,21.06122448979592,13.716326530612244,16,1.4970934126984128
23,6021.301428571429,21.06122448979592,15.585714285714285,16,1.4852846947496945
23,6021.301428571429,21.06122448979592,16.52040816326531,16,1.4852846947496945
23,6021.301428571429,21.06122448979592,17.455102040816328,16,1.4947846947496948
23,6021.301428571429,21.551020408163264,13.716326530612244,16,1.4881184126984126
23,6021.301428571429,21.551020408163264,15.585714285714285,16,1.4653096947496946
23,6021.301428571429,21.551020408163264,16.52040816326531,16,1.4653096947496946
23,6021.301428571429,21.551020408163264,17.455102040816328,16,1.4812096947496949
23,6021.301428571429,21.551020408163264,21.193877551020407,16,1.4961296947496947
23,6021.301428571429,22.04081632653061,13.716326530612244,16,1.4881184126984126
23,6021.301428571429,22.04081632653061,15.585714285714285,16,1.4653096947496946
23,6021.301428571429,22.04081632653061,16.52040816326531,16,1.4653096947496946
23,6021.301428571429,22.04081632653061,17.455102040816328,16,1.4812096947496949
23,6021.301428571429,22.04081632653061,21.193877551020407,16,1.4961296947496947
23,6021.301428571429,22.53061224489796,15.585714285714285,16,1.4924873931623932
23,6021.301428571429,22.53061224489796,16.52040816326531,16,1.4772873931623929
23,6021.301428571429,23.020408163265305,15.585714285714285,16,1.4924873931623932
23,6021.301428571429,23.020408163265305,16.52040816326531,16,1.4772873931623929
23,6021.301428571429,23.51020408163265,27.73673469387755,16,1.485533373493976
23,6021.301428571429,23.51020408163265,28.67142857142857,16,1.485533373493976
23,6021.301428571429,23.51020408163265,29.60612244897959,16,1.4813244846050875
23,6021.301428571429,23.51020408163265,30.540816326530614,16,1.4813244846050875
23,6021.301428571429,24.0,27.73673469387755,16,1.485533373493976
23,6021.301428571429,24.0,28.67142857142857,16,1.485533373493976
23,6021.301428571429,24.0,29.60612244897959,16,1.4813244846050875
23,6021.301428571429,24.0,30.540816326530614,16,1.4813244846050875
23,6881.487346938776,20.57142857142857,13.716326530612244,16,1.4970934126984128
23,6881.487346938776,20.57142857142857,15.585714285714285,16,1.4852846947496945
23,6881.487346938776,20.57142857142857,16.52040816326531,16,1.4852846947496945
23,6881.487346938776,20.57142857142857,17.455102040816328,16,1.4947846947496948
23,6881.487346938776,21.06122448979592,13.716326530612244,16,1.4970934126984128
23,6881.487346938776,21.06122448979592,15.585714285714285,16,1.4852846947496945
23,6881.487346938776,21.06122448979592,16.52040816326531,16,1.4852846947496945
23,6881.487346938776,21.06122448979592,17.455102040816328,16,1.4947846947496948
23,6881.487346938776,21.551020408163264,13.716326530612244,16,1.4881184126984126
23,6881.487346938776,21.551020408163264,15.585714285714285,16,1.4653096947496946
23,6881.487346938776,21.551020408163264,16.52040816326531,16,1.4653096947496946
23,6881.487346938776,21.551020408163264,17.455102040816328,16,1.4812096947496949
23,6881.487346938776,21.551020408163264,21.193877551020407,16,1.4961296947496947
23,6881.487346938776,22.04081632653061,13.716326530612244,16,1.4881184126984126
23,6881.487346938776,22.04081632653061,15.585714285714285,16,1.4653096947496946
23,6881.487346938776,22.04081632653061,16.52040816326531,16,1.4653096947496946
23,6881.487346938776,22.04081632653061,17.455102040816328,16,1.4812096947496949
23,6881.487346938776,22.04081632653061,21.193877551020407,16,1.4961296947496947
23,6881.487346938776,22.53061224489796,15.585714285714285,16,1.4924873931623932
23,6881.487346938776,22.53061224489796,16.52040816326531,16,1.4772873931623929
23,6881.487346938776,23.020408163265305,15.585714285714285,16,1.4924873931623932
23,6881.487346938776,23.020408163265305,16.52040816326531,16,1.4772873931623929
23,6881.487346938776,23.51020408163265,27.73673469387755,16,1.485533373493976
23,6881.487346938776,23.51020408163265,28.67142857142857,16,1.485533373493976
23,6881.487346938776,23.51020408163265,29.60612244897959,16,1.4813244846050875
23,6881.487346938776,23.51020408163265,30.540816326530614,16,1.4813244846050875
23,6881.487346938776,24.0,27.73673469387755,16,1.485533373493976
23,6881.487346938776,24.0,28.67142857142857,16,1.485533373493976
23,6881.487346938776,24.0,29.60612244897959,16,1.4813244846050875
23,6881.487346938776,24.0,30.540816326530614,16,1.4813244846050875
24,0.0,21.551020408163264,15.585714285714285,16,1.4934715995115995
24,0.0,21.551020408163264,16.52040816326531,16,1.4934715995115995
24,0.0,22.04081632653061,15.585714285714285,16,1.4934715995115995
24,0.0,22.04081632653061,16.52040816326531,16,1.4934715995115995
24,0.0,23.51020408163265,27.73673469387755,16,1.4710019449225482
24,0.0,23.51020408163265,28.67142857142857,16,1.4710019449225482
24,0.0,23.51020408163265,29.60612244897959,16,1.434993056033659
24,0.0,23.51020408163265,30.540816326530614,16,1.434993056033659
24,0.0,24.0,27.73673469387755,16,1.4710019449225482
24,0.0,24.0,28.67142857142857,16,1.4710019449225482
24,0.0,24.0,29.60612244897959,16,1.434993056033659
24,0.0,24.0,30.540816326530614,16,1.434993056033659
24,860.185918367347,21.551020408163264,15.585714285714285,16,1.4934715995115995
24,860.185918367347,21.551020408163264,16.52040816326531,16,1.4934715995115995
24,860.185918367347,22.04081632653061,15.585714285714285,16,1.4934715995115995
24,860.185918367347,22.04081632653061,16.52040816326531,16,1.4934715995115995
24,860.185918367347,23.51020408163265,27.73673469387755,16,1.4710019449225482
24,860.185918367347,23.51020408163265,28.67142857142857,16,1.4710019449225482
24,860.185918367347,23.51020408163265,29.60612244897959,16,1.434993056033659
24,860.185918367347,23.51020408163265,30.540816326530614,16,1.434993056033659
24,860.185918367347,24.0,27.73673469387755,16,1.4710019449225482
24,860.185918367347,24.0,28.67142857142857,16,1.4710019449225482
24,860.185918367347,24.0,29.60612244897959,16,1.434993056033659
24,860.185918367347,24.0,30.540816326530614,16,1.434993056033659
24,1720.371836734694,21.551020408163264,15.585714285714285,16,1.4934715995115995
24,1720.371836734694,21.551020408163264,16.52040816326531,16,1.4934715995115995
24,1720.371836734694,22.04081632653061,15.585714285714285,16,1.4934715995115995
24,1720.371836734694,22.04081632653061,16.52040816326531,16,1.4934715995115995
24,1720.371836734694,23.51020408163265,27.73673469387755,16,1.4710019449225482
24,1720.371836734694,23.51020408163265,28.67142857142857,16,1.4710019449225482
24,1720.371836734694,23.51020408163265,29.60612244897959,16,1.434993056033659
24,1720.371836734694,23.51020408163265,30.540816326530614,16,1.434993056033659
24,1720.371836734694,24.0,27.73673469387755,16,1.4710019449225482
24,1720.371836734694,24.0,28.67142857142857,16,1.4710019449225482
24,1720.371836734694,24.0,29.60612244897959,16,1.434993056033659
24,1720.371836734694,24.0,30.540816326530614,16,1.434993056033659
24,2580.557755102041,21.551020408163264,15.585714285714285,16,1.4934715995115995
24,2580.557755102041,21.551020408163264,16.52040816326531,16,1.4934715995115995
24,2580.557755102041,22.04081632653061,15.585714285714285,16,1.4934715995115995
24,2580.557755102041,22.04081632653061,16.52040816326531,16,1.4934715995115995
24,2580.557755102041,23.51020408163265,27.73673469387755,16,1.4710019449225482
24,2580.557755102041,23.51020408163265,28.67142857142857,16,1.4710019449225482
24,2580.557755102041,23.51020408163265,29.60612244897959,16,1.434993056033659
24,2580.557755102041,23.51020408163265,30.540816326530614,16,1.434993056033659
24,2580.557755102041,24.0,27.73673469387755,16,1.4710019449225482
24,2580.557755102041,24.0,28.67142857142857,16,1.4710019449225482
24,2580.557755102041,24.0,29.60612244897959,16,1.434993056033659
24,2580.557755102041,24.0,30.540816326530614,16,1.434993056033659
24,3440.743673469388,21.551020408163264,15.585714285714285,16,1.4934715995115995
24,3440.743673469388,21.551020408163264,16.52040816326531,16,1.4934715995115995
24,3440.743673469388,22.04081632653061,15.585714285714285,16,1.4934715995115995
24,3440.743673469388,22.04081632653061,16.52040816326531,16,1.4934715995115995
24,3440.743673469388,23.51020408163265,27.73673469387755,16,1.4710019449225482
24,3440.743673469388,23.51020408163265,28.67142857142857,16,1.4710019449225482
24,3440.743673469388,23.51020408163265,29.60612244897959,16,1.434993056033659
24,3440.743673469388,23.51020408163265,30.540816326530614,16,1.434993056033659
24,3440.743673469388,24.0,27.73673469387755,16,1.4710019449225482
24,3440.743673469388,24.0,28.67142857142857,16,1.4710019449225482
24,3440.743673469388,24.0,29.60612244897959,16,1.434993056033659
24,3440.743673469388,24.0,30.540816326530614,16,1.434993056033659
24,4300.929591836735,21.551020408163264,15.585714285714285,16,1.4934715995115995
24,4300.929591836735,21.551020408163264,16.52040816326531,16,1.4934715995115995
24,4300.929591836735,22.04081632653061,15.585714285714285,16,1.4934715995115995
24,4300.929591836735,22.04081632653061,16.52040816326531,16,1.4934715995115995
24,4300.929591836735,23.51020408163265,27.73673469387755,16,1.4710019449225482
24,4300.929591836735,23.51020408163265,28.67142857142857,16,1.4710019449225482
24,4300.929591836735,23.51020408163265,29.60612244897959,16,1.434993056033659
24,4300.929591836735,23.51020408163265,30.540816326530614,16,1.434993056033659
24,4300.929591836735,24.0,27.73673469387755,16,1.4710019449225482
24,4300.929591836735,24.0,28.67142857142857,16,1.4710019449225482
24,4300.929591836735,24.0,29.60612244897959,16,1.434993056033659
24,4300.929591836735,24.0,30.540816326530614,16,1.434993056033659
24,5161.115510204082,21.551020408163264,15.585714285714285,16,1.4934715995115995
24,5161.115510204082,21.551020408163264,16.52040816326531,16,1.4934715995115995
24,5161.115510204082,22.04081632653061,15.585714285714285,16,1.4934715995115995
24,5161.115510204082,22.04081632653061,16.52040816326531,16,1.4934715995115995
24,5161.115510204082,23.51020408163265,27.73673469387755,16,1.4710019449225482
24,5161.115510204082,23.51020408163265,28.67142857142857,16,1.4710019449225482
24,5161.115510204082,23.51020408163265,29.60612244897959,16,1.434993056033659
24,5161.115510204082,23.51020408163265,30.540816326530614,16,1.434993056033659
24,5161.115510204082,24.0,27.73673469387755,16,1.4710019449225482
24,5161.115510204082,24.0,28.67142857142857,16,1.4710019449225482
24,5161.115510204082,24.0,29.60612244897959,16,1.434993056033659
24,5161.115510204082,24.0,30.540816326530614,16,1.434993056033659
24,6021.301428571429,21.551020408163264,15.585714285714285,16,1.4934715995115995
24,6021.301428571429,21.551020408163264,16.52040816326531,16,1.4934715995115995
24,6021.301428571429,22.04081632653061,15.585714285714285,16,1.4934715995115995
24,6021.301428571429,22.04081632653061,16.52040816326531,16,1.4934715995115995
24,6021.301428571429,23.51020408163265,27.73673469387755,16,1.4710019449225482
24,6021.301428571429,23.51020408163265,28.67142857142857,16,1.4710019449225482
24,6021.301428571429,23.51020408163265,29.60612244897959,16,1.434993056033659
24,6021.301428571429,23.51020408163265,30.540816326530614,16,1.434993056033659
24,6021.301428571429,24.0,27.73673469387755,16,1.4710019449225482
24,6021.301428571429,24.0,28.67142857142857,16,1.4710019449225482
24,6021.301428571429,24.0,29.60612244897959,16,1.434993056033659
24,6021.301428571429,24.0,30.540816326530614,16,1.434993056033659
24,6881.487346938776,21.551020408163264,15.585714285714285,16,1.4934715995115995
24,6881.487346938776,21.551020408163264,16.52040816326531,16,1.4934715995115995
24,6881.487346938776,22.04081632653061,15.585714285714285,16,1.4934715995115995
24,6881.487346938776,22.04081632653061,16.52040816326531,16,1.4934715995115995
24,6881.487346938776,23.51020408163265,27.73673469387755,16,1.4710019449225482
24,6881.487346938776,23.51020408163265,28.67142857142857,16,1.4710019449225482
24,6881.487346938776,23.51020408163265,29.60612244897959,16,1.434993056033659
24,6881.487346938776,23.51020408163265,30.540816326530614,16,1.434993056033659
24,6881.487346938776,24.0,27.73673469387755,16,1.4710019449225482
24,6881.487346938776,24.0,28.67142857142857,16,1.4710019449225482
24,6881.487346938776,24.0,29.60612244897959,16,1.434993056033659
24,6881.487346938776,24.0,30.540816326530614,16,1.434993056033659
25,0.0,23.51020408163265,26.80204081632653,16,1.4853752782558807
25,0.0,23.51020408163265,27.73673469387755,16,1.421175278255881
25,0.0,23.51020408163265,28.67142857142857,16,1.421175278255881
25,0.0,23.51020408163265,29.60612244897959,16,1.3645663893669926
25,0.0,23.51020408163265,30.540816326530614,16,1.3645663893669926
25,0.0,24.0,26.80204081632653,16,1.4853752782558807
25,0.0,24.0,27.73673469387755,16,1.421175278255881
25,0.0,24.0,28.67142857142857,16,1.421175278255881
25,0.0,24.0,29.60612244897959,16,1.3645663893669926
25,0.0,24.0,30.540816326530614,16,1.3645663893669926
25,860.185918367347,23.51020408163265,26.80204081632653,16,1.4853752782558807
25,860.185918367347,23.51020408163265,27.73673469387755,16,1.421175278255881
25,860.185918367347,23.51020408163265,28.67142857142857,16,1.421175278255881
25,860.185918367347,23.51020408163265,29.60612244897959,16,1.3645663893669926
25,860.185918367347,23.51020408163265,30.540816326530614,16,1.3645663893669926
25,860.185918367347,24.0,26.80204081632653,16,1.4853752782558807
25,860.185918367347,24.0,27.73673469387755,16,1.421175278255881
25,860.185918367347,24.0,28.67142857142857,16,1.421175278255881
25,860.185918367347,24.0,29.60612244897959,16,1.3645663893669926
25,860.185918367347,24.0,30.540816326530614,16,1.3645663893669926
25,1720.371836734694,23.51020408163265,26.80204081632653,16,1.4853752782558807
25,1720.371836734694,23.51020408163265,27.73673469387755,16,1.421175278255881
25,1720.371836734694,23.51020408163265,28.67142857142857,16,1.421175278255881
25,1720.371836734694,23.51020408163265,29.60612244897959,16,1.3645663893669926
25,1720.371836734694,23.51020408163265,30.540816326530614,16,1.3645663893669926
25,1720.371836734694,24.0,26.80204081632653,16,1.4853752782558807
25,1720.371836734694,24.0,27.73673469387755,16,1.421175278255881
25,1720.371836734694,24.0,28.67142857142857,16,1.421175278255881
25,1720.371836734694,24.0,29.60612244897959,16,1.3645663893669926
25,1720.371836734694,24.0,30.540816326530614,16,1.3645663893669926
25,2580.557755102041,23.51020408163265,26.80204081632653,16,1.4853752782558807
25,2580.557755102041,23.51020408163265,27.73673469387755,16,1.421175278255881
25,2580.557755102041,23.51020408163265,28.67142857142857,16,1.421175278255881
25,2580.557755102041,23.51020408163265,29.60612244897959,16,1.3645663893669926
25,2580.557755102041,23.51020408163265,30.540816326530614,16,1.3645663893669926
25,2580.557755102041,24.0,26.80204081632653,16,1.4853752782558807
25,2580.557755102041,24.0,27.73673469387755,16,1.421175278255881
25,2580.557755102041,24.0,28.67142857142857,16,1.421175278255881
25,2580.557755102041,24.0,29.60612244897959,16,1.3645663893669926
25,2580.557755102041,24.0,30.540816326530614,16,1.3645663893669926
25,3440.743673469388,23.51020408163265,26.80204081632653,16,1.4853752782558807
25,3440.743673469388,23.51020408163265,27.73673469387755,16,1.421175278255881
25,3440.743673469388,23.51020408163265,28.67142857142857,16,1.421175278255881
25,3440.743673469388,23.51020408163265,29.60612244897959,16,1.3645663893669926
25,3440.743673469388,23.51020408163265,30.540816326530614,16,1.3645663893669926
25,3440.743673469388,24.0,26.80204081632653,16,1.4853752782558807
25,3440.743673469388,24.0,27.73673469387755,16,1.421175278255881
25,3440.743673469388,24.0,28.67142857142857,16,1.421175278255881
25,3440.743673469388,24.0,29.60612244897959,16,1.3645663893669926
25,3440.743673469388,24.0,30.540816326530614,16,1.3645663893669926
25,4300.929591836735,23.51020408163265,26.80204081632653,16,1.4853752782558807
25,4300.929591836735,23.51020408163265,27.73673469387755,16,1.421175278255881
25,4300.929591836735,23.51020408163265,28.67142857142857,16,1.421175278255881
25,4300.929591836735,23.51020408163265,29.60612244897959,16,1.3645663893669926
25,4300.929591836735,23.51020408163265,30.540816326530614,16,1.3645663893669926
25,4300.929591836735,24.0,26.80204081632653,16,1.4853752782558807
25,4300.929591836735,24.0,27.73673469387755,16,1.421175278255881
25,4300.929591836735,24.0,28.67142857142857,16,1.421175278255881
25,4300.929591836735,24.0,29.60612244897959,16,1.3645663893669926
25,4300.929591836735,24.0,30.540816326530614,16,1.3645663893669926
25,5161.115510204082,23.51020408163265,26.80204081632653,16,1.4853752782558807
25,5161.115510204082,23.51020408163265,27.73673469387755,16,1.421175278255881
25,5161.115510204082,23.51020408163265,28.67142857142857,16,1.421175278255881
25,5161.115510204082,23.51020408163265,29.60612244897959,16,1.3645663893669926
25,5161.115510204082,23.51020408163265,30.540816326530614,16,1.3645663893669926
25,5161.115510204082,24.0,26.80204081632653,16,1.4853752782558807
25,5161.115510204082,24.0,27.73673469387755,16,1.421175278255881
25,5161.115510204082,24.0,28.67142857142857,16,1.421175278255881
25,5161.115510204082,24.0,29.60612244897959,16,1.3645663893669926
25,5161.115510204082,24.0,30.540816326530614,16,1.3645663893669926
25,6021.301428571429,23.51020408163265,26.80204081632653,16,1.4853752782558807
25,6021.301428571429,23.51020408163265,27.73673469387755,16,1.421175278255881
25,6021.301428571429,23.51020408163265,28.67142857142857,16,1.421175278255881
25,6021.301428571429,23.51020408163265,29.60612244897959,16,1.3645663893669926
25,6021.301428571429,23.51020408163265,30.540816326530614,16,1.3645663893669926
25,6021.301428571429,24.0,26.80204081632653,16,1.4853752782558807
25,6021.301428571429,24.0,27.73673469387755,16,1.421175278255881
25,6021.301428571429,24.0,28.67142857142857,16,1.421175278255881
25,6021.301428571429,24.0,29.60612244897959,16,1.3645663893669926
25,6021.301428571429,24.0,30.540816326530614,16,1.3645663893669926
25,6881.487346938776,23.51020408163265,26.80204081632653,16,1.4853752782558807
25,6881.487346938776,23.51020408163265,27.73673469387755,16,1.421175278255881
25,6881.487346938776,23.51020408163265,28.67142857142857,16,1.421175278255881
25,6881.487346938776,23.51020408163265,29.60612244897959,16,1.3645663893669926
25,6881.487346938776,23.51020408163265,30.540816326530614,16,1.3645663893669926
25,6881.487346938776,24.0,26.80204081632653,16,1.4853752782558807
25,6881.487346938776,24.0,27.73673469387755,16,1.421175278255881
25,6881.487346938776,24.0,28.67142857142857,16,1.421175278255881
25,6881.487346938776,24.0,29.60612244897959,16,1.3645663893669926
25,6881.487346938776,24.0,30.540816326530614,16,1.3645663893669926
26,0.0,23.51020408163265,27.73673469387755,16,1.4735252782558812
26,0.0,23.51020408163265,28.67142857142857,16,1.4735252782558812
26,0.0,23.51020408163265,29.60612244897959,16,1.4568497227003256
26,0.0,23.51020408163265,30.540816326530614,16,1.4568497227003256
26,0.0,24.0,27.73673469387755,16,1.4735252782558812
26,0.0,24.0,28.67142857142857,16,1.4735252782558812
26,0.0,24.0,29.60612244897959,16,1.4568497227003256
26,0.0,24.0,30.540816326530614,16,1.4568497227003256
26,860.185918367347,23.51020408163265,27.73673469387755,16,1.4735252782558812
26,860.185918367347,23.51020408163265,28.67142857142857,16,1.4735252782558812
26,860.185918367347,23.51020408163265,29.60612244897959,16,1.4568497227003256
26,860.185918367347,23.51020408163265,30.540816326530614,16,1.4568497227003256
26,860.185918367347,24.0,27.73673469387755,16,1.4735252782558812
26,860.185918367347,24.0,28.67142857142857,16,1.4735252782558812
26,860.185918367347,24.0,29.60612244897959,16,1.4568497227003256
26,860.185918367347,24.0,30.540816326530614,16,1.4568497227003256
26,1720.371836734694,23.51020408163265,27.73673469387755,16,1.4735252782558812
26,1720.371836734694,23.51020408163265,28.67142857142857,16,1.4735252782558812
26,1720.371836734694,23.51020408163265,29.60612244897959,16,1.4568497227003256
26,1720.371836734694,23.51020408163265,30.540816326530614,16,1.4568497227003256
26,1720.371836734694,24.0,27.73673469387755,16,1.4735252782558812
26,1720.371836734694,24.0,28.67142857142857,16,1.4735252782558812
26,1720.371836734694,24.0,29.60612244897959,16,1.4568497227003256
26,1720.371836734694,24.0,30.540816326530614,16,1.4568497227003256
26,2580.557755102041,23.51020408163265,27.73673469387755,16,1.4735252782558812
26,2580.557755102041,23.51020408163265,28.67142857142857,16,1.4735252782558812
26,2580.557755102041,23.51020408163265,29.60612244897959,16,1.4568497227003256
26,2580.557755102041,23.51020408163265,30.540816326530614,16,1.4568497227003256
26,2580.557755102041,24.0,27.73673469387755,16,1.4735252782558812
26,2580.557755102041,24.0,28.67142857142857,16,1.4735252782558812
26,2580.557755102041,24.0,29.60612244897959,16,1.4568497227003256
26,2580.557755102041,24.0,30.540816326530614,16,1.4568497227003256
26,3440.743673469388,23.51020408163265,27.73673469387755,16,1.4735252782558812
26,3440.743673469388,23.51020408163265,28.67142857142857,16,1.4735252782558812
26,3440.743673469388,23.51020408163265,29.60612244897959,16,1.4568497227003256
26,3440.743673469388,23.51020408163265,30.540816326530614,16,1.4568497227003256
26,3440.743673469388,24.0,27.73673469387755,16,1.4735252782558812
26,3440.743673469388,24.0,28.67142857142857,16,1.4735252782558812
26,3440.743673469388,24.0,29.60612244897959,16,1.4568497227003256
26,3440.743673469388,24.0,30.540816326530614,16,1.4568497227003256
26,4300.929591836735,23.51020408163265,27.73673469387755,16,1.4735252782558812
26,4300.929591836735,23.51020408163265,28.67142857142857,16,1.4735252782558812
26,4300.929591836735,23.51020408163265,29.60612244897959,16,1.4568497227003256
26,4300.929591836735,23.51020408163265,30.540816326530614,16,1.4568497227003256
26,4300.929591836735,24.0,27.73673469387755,16,1.4735252782558812
26,4300.929591836735,24.0,28.67142857142857,16,1.4735252782558812
26,4300.929591836735,24.0,29.60612244897959,16,1.4568497227003256
26,4300.929591836735,24.0,30.540816326530614,16,1.4568497227003256
26,5161.115510204082,23.51020408163265,27.73673469387755,16,1.4735252782558812
26,5161.115510204082,23.51020408163265,28.67142857142857,16,1.4735252782558812
26,5161.115510204082,23.51020408163265,29.60612244897959,16,1.4568497227003256
26,5161.115510204082,23.51020408163265,30.540816326530614,16,1.4568497227003256
26,5161.115510204082,24.0,27.73673469387755,16,1.4735252782558812
26,5161.115510204082,24.0,28.67142857142857,16,1.4735252782558812
26,5161.115510204082,24.0,29.60612244897959,16,1.4568497227003256
26,5161.115510204082,24.0,30.540816326530614,16,1.4568497227003256
26,6021.301428571429,23.51020408163265,27.73673469387755,16,1.4735252782558812
26,6021.301428571429,23.51020408163265,28.67142857142857,16,1.4735252782558812
26,6021.301428571429,23.51020408163265,29.60612244897959,16,1.4568497227003256
26,6021.301428571429,23.51020408163265,30.540816326530614,16,1.4568497227003256
26,6021.301428571429,24.0,27.73673469387755,16,1.4735252782558812
26,6021.301428571429,24.0,28.67142857142857,16,1.4735252782558812
26,6021.301428571429,24.0,29.60612244897959,16,1.4568497227003256
26,6021.301428571429,24.0,30.540816326530614,16,1.4568497227003256
26,6881.487346938776,23.51020408163265,27.73673469387755,16,1.4735252782558812
26,6881.487346938776,23.51020408163265,28.67142857142857,16,1.4735252782558812
26,6881.487346938776,23.51020408163265,29.60612244897959,16,1.4568497227003256
26,6881.487346938776,23.51020408163265,30.540816326530614,16,1.4568497227003256
26,6881.487346938776,24.0,27.73673469387755,16,1.4735252782558812
26,6881.487346938776,24.0,28.67142857142857,16,1.4735252782558812
26,6881.487346938776,24.0,29.60612244897959,16,1.4568497227003256
26,6881.487346938776,24.0,30.540816326530614,16,1.4568497227003256
27,0.0,23.51020408163265,27.73673469387755,16,1.483485278255881
27,0.0,23.51020408163265,28.67142857142857,16,1.483485278255881
27,0.0,23.51020408163265,29.60612244897959,16,1.466809722700326
27,0.0,23.51020408163265,30.540816326530614,16,1.466809722700326
27,0.0,24.0,27.73673469387755,16,1.483485278255881
27,0.0,24.0,28.67142857142857,16,1.483485278255881
27,0.0,24.0,29.60612244897959,16,1.466809722700326
27,0.0,24.0,30.540816326530614,16,1.466809722700326
27,860.185918367347,23.51020408163265,27.73673469387755,16,1.483485278255881
27,860.185918367347,23.51020408163265,28.67142857142857,16,1.483485278255881
27,860.185918367347,23.51020408163265,29.60612244897959,16,1.466809722700326
27,860.185918367347,23.51020408163265,30.540816326530614,16,1.466809722700326
27,860.185918367347,24.0,27.73673469387755,16,1.483485278255881
27,860.185918367347,24.0,28.67142857142857,16,1.483485278255881
27,860.185918367347,24.0,29.60612244897959,16,1.466809722700326
27,860.185918367347,24.0,30.540816326530614,16,1.466809722700326
27,1720.371836734694,23.51020408163265,27.73673469387755,16,1.483485278255881
27,1720.371836734694,23.51020408163265,28.67142857142857,16,1.483485278255881
27,1720.371836734694,23.51020408163265,29.60612244897959,16,1.466809722700326
27,1720.371836734694,23.51020408163265,30.540816326530614,16,1.466809722700326
27,1720.371836734694,24.0,27.73673469387755,16,1.483485278255881
27,1720.371836734694,24.0,28.67142857142857,16,1.483485278255881
27,1720.371836734694,24.0,29.60612244897959,16,1.466809722700326
27,1720.371836734694,24.0,30.540816326530614,16,1.466809722700326
27,2580.557755102041,23.51020408163265,27.73673469387755,16,1.483485278255881
27,2580.557755102041,23.51020408163265,28.67142857142857,16,1.483485278255881
27,2580.557755102041,23.51020408163265,29.60612244897959,16,1.466809722700326
27,2580.557755102041,23.51020408163265,30.540816326530614,16,1.466809722700326
27,2580.557755102041,24.0,27.73673469387755,16,1.483485278255881
27,2580.557755102041,24.0,28.67142857142857,16,1.483485278255881
27,2580.557755102041,24.0,29.60612244897959,16,1.466809722700326
27,2580.557755102041,24.0,30.540816326530614,16,1.466809722700326
27,3440.743673469388,23.51020408163265,27.73673469387755,16,1.483485278255881
27,3440.743673469388,23.51020408163265,28.67142857142857,16,1.483485278255881
27,3440.743673469388,23.51020408163265,29.60612244897959,16,1.466809722700326
27,3440.743673469388,23.51020408163265,30.540816326530614,16,1.466809722700326
27,3440.743673469388,24.0,27.73673469387755,16,1.483485278255881
27,3440.743673469388,24.0,28.67142857142857,16,1.483485278255881
27,3440.743673469388,24.0,29.60612244897959,16,1.466809722700326
27,3440.743673469388,24.0,30.540816326530614,16,1.466809722700326
27,4300.929591836735,23.51020408163265,27.73673469387755,16,1.483485278255881
27,4300.929591836735,23.51020408163265,28.67142857142857,16,1.483485278255881
27,4300.929591836735,23.51020408163265,29.60612244897959,16,1.466809722700326
27,4300.929591836735,23.51020408163265,30.540816326530614,16,1.466809722700326
27,4300.929591836735,24.0,27.73673469387755,16,1.483485278255881
27,4300.929591836735,24.0,28.67142857142857,16,1.483485278255881
27,4300.929591836735,24.0,29.60612244897959,16,1.466809722700326
27,4300.929591836735,24.0,30.540816326530614,16,1.466809722700326
27,5161.115510204082,23.51020408163265,27.73673469387755,16,1.483485278255881
27,5161.115510204082,23.51020408163265,28.67142857142857,16,1.483485278255881
27,5161.115510204082,23.51020408163265,29.60612244897959,16,1.466809722700326
27,5161.115510204082,23.51020408163265,30.540816326530614,16,1.466809722700326
27,5161.115510204082,24.0,27.73673469387755,16,1.483485278255881
27,5161.115510204082,24.0,28.67142857142857,16,1.483485278255881
27,5161.115510204082,24.0,29.60612244897959,16,1.466809722700326
27,5161.115510204082,24.0,30.540816326530614,16,1.466809722700326
27,6021.301428571429,23.51020408163265,27.73673469387755,16,1.483485278255881
27,6021.301428571429,23.51020408163265,28.67142857142857,16,1.483485278255881
27,6021.301428571429,23.51020408163265,29.60612244897959,16,1.466809722700326
27,6021.301428571429,23.51020408163265,30.540816326530614,16,1.466809722700326
27,6021.301428571429,24.0,27.73673469387755,16,1.483485278255881
27,6021.301428571429,24.0,28.67142857142857,16,1.483485278255881
27,6021.301428571429,24.0,29.60612244897959,16,1.466809722700326
27,6021.301428571429,24.0,30.540816326530614,16,1.466809722700326
27,6881.487346938776,23.51020408163265,27.73673469387755,16,1.483485278255881
27,6881.487346938776,23.51020408163265,28.67142857142857,16,1.483485278255881
27,6881.487346938776,23.51020408163265,29.60612244897959,16,1.466809722700326
27,6881.487346938776,23.51020408163265,30.540816326530614,16,1.466809722700326
27,6881.487346938776,24.0,27.73673469387755,16,1.483485278255881
27,6881.487346938776,24.0,28.67142857142857,16,1.483485278255881
27,6881.487346938776,24.0,29.60612244897959,16,1.466809722700326
27,6881.487346938776,24.0,30.540816326530614,16,1.466809722700326
28,0.0,23.51020408163265,27.73673469387755,16,1.483485278255881
28,0.0,23.51020408163265,28.67142857142857,16,1.483485278255881
28,0.0,23.51020408163265,29.60612244897959,16,1.466809722700326
28,0.0,23.51020408163265,30.540816326530614,16,1.466809722700326
28,0.0,24.0,27.73673469387755,16,1.483485278255881
28,0.0,24.0,28.67142857142857,16,1.483485278255881
28,0.0,24.0,29.60612244897959,16,1.466809722700326
28,0.0,24.0,30.540816326530614,16,1.466809722700326
28,860.185918367347,23.51020408163265,27.73673469387755,16,1.483485278255881
28,860.185918367347,23.51020408163265,28.67142857142857,16,1.483485278255881
28,860.185918367347,23.51020408163265,29.60612244897959,16,1.466809722700326
28,860.185918367347,23.51020408163265,30.540816326530614,16,1.466809722700326
28,860.185918367347,24.0,27.73673469387755,16,1.483485278255881
28,860.185918367347,24.0,28.67142857142857,16,1.483485278255881
28,860.185918367347,24.0,29.60612244897959,16,1.466809722700326
28,860.185918367347,24.0,30.540816326530614,16,1.466809722700326
28,1720.371836734694,23.51020408163265,27.73673469387755,16,1.483485278255881
28,1720.371836734694,23.51020408163265,28.67142857142857,16,1.483485278255881
28,1720.371836734694,23.51020408163265,29.60612244897959,16,1.466809722700326
28,1720.371836734694,23.51020408163265,30.540816326530614,16,1.466809722700326
28,1720.371836734694,24.0,27.73673469387755,16,1.483485278255881
28,1720.371836734694,24.0,28.67142857142857,16,1.483485278255881
28,1720.371836734694,24.0,29.60612244897959,16,1.466809722700326
28,1720.371836734694,24.0,30.540816326530614,16,1.466809722700326
28,2580.557755102041,23.51020408163265,27.73673469387755,16,1.483485278255881
28,2580.557755102041,23.51020408163265,28.67142857142857,16,1.483485278255881
28,2580.557755102041,23.51020408163265,29.60612244897959,16,1.466809722700326
28,2580.557755102041,23.51020408163265,30.540816326530614,16,1.466809722700326
28,2580.557755102041,24.0,27.73673469387755,16,1.483485278255881
28,2580.557755102041,24.0,28.67142857142857,16,1.483485278255881
28,2580.557755102041,24.0,29.60612244897959,16,1.466809722700326
28,2580.557755102041,24.0,30.540816326530614,16,1.466809722700326
28,3440.743673469388,23.51020408163265,27.73673469387755,16,1.483485278255881
28,3440.743673469388,23.51020408163265,28.67142857142857,16,1.483485278255881
28,3440.743673469388,23.51020408163265,29.60612244897959,16,1.466809722700326
28,3440.743673469388,23.51020408163265,30.540816326530614,16,1.466809722700326
28,3440.743673469388,24.0,27.73673469387755,16,1.483485278255881
28,3440.743673469388,24.0,28.67142857142857,16,1.483485278255881
28,3440.743673469388,24.0,29.60612244897959,16,1.466809722700326
28,3440.743673469388,24.0,30.540816326530614,16,1.466809722700326
28,4300.929591836735,23.51020408163265,27.73673469387755,16,1.483485278255881
28,4300.929591836735,23.51020408163265,28.67142857142857,16,1.483485278255881
28,4300.929591836735,23.51020408163265,29.60612244897959,16,1.466809722700326
28,4300.929591836735,23.51020408163265,30.540816326530614,16,1.466809722700326
28,4300.929591836735,24.0,27.73673469387755,16,1.483485278255881
28,4300.929591836735,24.0,28.67142857142857,16,1.483485278255881
28,4300.929591836735,24.0,29.60612244897959,16,1.466809722700326
28,4300.929591836735,24.0,30.540816326530614,16,1.466809722700326
28,5161.115510204082,23.51020408163265,27.73673469387755,16,1.483485278255881
28,5161.115510204082,23.51020408163265,28.67142857142857,16,1.483485278255881
28,5161.115510204082,23.51020408163265,29.60612244897959,16,1.466809722700326
28,5161.115510204082,23.51020408163265,30.540816326530614,16,1.466809722700326
28,5161.115510204082,24.0,27.73673469387755,16,1.483485278255881
28,5161.115510204082,24.0,28.67142857142857,16,1.483485278255881
28,5161.115510204082,24.0,29.60612244897959,16,1.466809722700326
28,5161.115510204082,24.0,30.540816326530614,16,1.466809722700326
28,6021.301428571429,23.51020408163265,27.73673469387755,16,1.483485278255881
28,6021.301428571429,23.51020408163265,28.67142857142857,16,1.483485278255881
28,6021.301428571429,23.51020408163265,29.60612244897959,16,1.466809722700326
28,6021.301428571429,23.51020408163265,30.540816326530614,16,1.466809722700326
28,6021.301428571429,24.0,27.73673469387755,16,1.483485278255881
28,6021.301428571429,24.0,28.67142857142857,16,1.483485278255881
28,6021.301428571429,24.0,29.60612244897959,16,1.466809722700326
28,6021.301428571429,24.0,30.540816326530614,16,1.466809722700326
28,6881.487346938776,23.51020408163265,27.73673469387755,16,1.483485278255881
28,6881.487346938776,23.51020408163265,28.67142857142857,16,1.483485278255881
28,6881.487346938776,23.51020408163265,29.60612244897959,16,1.466809722700326
28,6881.487346938776,23.51020408163265,30.540816326530614,16,1.466809722700326
28,6881.487346938776,24.0,27.73673469387755,16,1.483485278255881
28,6881.487346938776,24.0,28.67142857142857,16,1.483485278255881
28,6881.487346938776,24.0,29.60612244897959,16,1.466809722700326
28,6881.487346938776,24.0,30.540816326530614,16,1.466809722700326
29,0.0,23.51020408163265,27.73673469387755,16,1.4976852782558812
29,0.0,23.51020408163265,28.67142857142857,16,1.4976852782558812
29,0.0,23.51020408163265,29.60612244897959,16,1.4810097227003263
29,0.0,23.51020408163265,30.540816326530614,16,1.4810097227003263
29,0.0,24.0,27.73673469387755,16,1.4976852782558812
29,0.0,24.0,28.67142857142857,16,1.4976852782558812
29,0.0,24.0,29.60612244897959,16,1.4810097227003263
29,0.0,24.0,30.540816326530614,16,1.4810097227003263
29,860.185918367347,23.51020408163265,27.73673469387755,16,1.4976852782558812
29,860.185918367347,23.51020408163265,28.67142857142857,16,1.4976852782558812
29,860.185918367347,23.51020408163265,29.60612244897959,16,1.4810097227003263
29,860.185918367347,23.51020408163265,30.540816326530614,16,1.4810097227003263
29,860.185918367347,24.0,27.73673469387755,16,1.4976852782558812
29,860.185918367347,24.0,28.67142857142857,16,1.4976852782558812
29,860.185918367347,24.0,29.60612244897959,16,1.4810097227003263
29,860.185918367347,24.0,30.540816326530614,16,1.4810097227003263
29,1720.371836734694,23.51020408163265,27.73673469387755,16,1.4976852782558812
29,1720.371836734694,23.51020408163265,28.67142857142857,16,1.4976852782558812
29,1720.371836734694,23.51020408163265,29.60612244897959,16,1.4810097227003263
29,1720.371836734694,23.51020408163265,30.540816326530614,16,1.4810097227003263
29,1720.371836734694,24.0,27.73673469387755,16,1.4976852782558812
29,1720.371836734694,24.0,28.67142857142857,16,1.4976852782558812
29,1720.371836734694,24.0,29.60612244897959,16,1.4810097227003263
29,1720.371836734694,24.0,30.540816326530614,16,1.4810097227003263
29,2580.557755102041,23.51020408163265,27.73673469387755,16,1.4976852782558812
29,2580.557755102041,23.51020408163265,28.67142857142857,16,1.4976852782558812
29,2580.557755102041,23.51020408163265,29.60612244897959,16,1.4810097227003263
29,2580.557755102041,23.51020408163265,30.540816326530614,16,1.4810097227003263
29,2580.557755102041,24.0,27.73673469387755,16,1.4976852782558812
29,2580.557755102041,24.0,28.67142857142857,16,1.4976852782558812
29,2580.557755102041,24.0,29.60612244897959,16,1.4810097227003263
29,2580.557755102041,24.0,30.540816326530614,16,1.4810097227003263
29,3440.743673469388,23.51020408163265,27.73673469387755,16,1.4976852782558812
29,3440.743673469388,23.51020408163265,28.67142857142857,16,1.4976852782558812
29,3440.743673469388,23.51020408163265,29.60612244897959,16,1.4810097227003263
29,3440.743673469388,23.51020408163265,30.540816326530614,16,1.4810097227003263
29,3440.743673469388,24.0,27.73673469387755,16,1.4976852782558812
29,3440.743673469388,24.0,28.67142857142857,16,1.4976852782558812
29,3440.743673469388,24.0,29.60612244897959,16,1.4810097227003263
29,3440.743673469388,24.0,30.540816326530614,16,1.4810097227003263
29,4300.929591836735,23.51020408163265,27.73673469387755,16,1.4976852782558812
29,4300.929591836735,23.51020408163265,28.67142857142857,16,1.4976852782558812
29,4300.929591836735,23.51020408163265,29.60612244897959,16,1.4810097227003263
29,4300.929591836735,23.51020408163265,30.540816326530614,16,1.4810097227003263
29,4300.929591836735,24.0,27.73673469387755,16,1.4976852782558812
29,4300.929591836735,24.0,28.67142857142857,16,1.4976852782558812
29,4300.929591836735,24.0,29.60612244897959,16,1.4810097227003263
29,4300.929591836735,24.0,30.540816326530614,16,1.4810097227003263
29,5161.115510204082,23.51020408163265,27.73673469387755,16,1.4976852782558812
29,5161.115510204082,23.51020408163265,28.67142857142857,16,1.4976852782558812
29,5161.115510204082,23.51020408163265,29.60612244897959,16,1.4810097227003263
29,5161.115510204082,23.51020408163265,30.540816326530614,16,1.4810097227003263
29,5161.115510204082,24.0,27.73673469387755,16,1.4976852782558812
29,5161.115510204082,24.0,28.67142857142857,16,1.4976852782558812
29,5161.115510204082,24.0,29.60612244897959,16,1.4810097227003263
29,5161.115510204082,24.0,30.540816326530614,16,1.4810097227003263
29,6021.301428571429,23.51020408163265,27.73673469387755,16,1.4976852782558812
29,6021.301428571429,23.51020408163265,28.67142857142857,16,1.4976852782558812
29,6021.301428571429,23.51020408163265,29.60612244897959,16,1.4810097227003263
29,6021.301428571429,23.51020408163265,30.540816326530614,16,1.4810097227003263
29,6021.301428571429,24.0,27.73673469387755,16,1.4976852782558812
29,6021.301428571429,24.0,28.67142857142857,16,1.4976852782558812
29,6021.301428571429,24.0,29.60612244897959,16,1.4810097227003263
29,6021.301428571429,24.0,30.540816326530614,16,1.4810097227003263
29,6881.487346938776,23.51020408163265,27.73673469387755,16,1.4976852782558812
29,6881.487346938776,23.51020408163265,28.67142857142857,16,1.4976852782558812
29,6881.487346938776,23.51020408163265,29.60612244897959,16,1.4810097227003263
29,6881.487346938776,23.51020408163265,30.540816326530614,16,1.4810097227003263
29,6881.487346938776,24.0,27.73673469387755,16,1.4976852782558812
29,6881.487346938776,24.0,28.67142857142857,16,1.4976852782558812
29,6881.487346938776,24.0,29.60612244897959,16,1.4810097227003263
29,6881.487346938776,24.0,30.540816326530614,16,1.4810097227003263
30,0.0,23.51020408163265,27.73673469387755,16,1.497885278255881
30,0.0,23.51020408163265,28.67142857142857,16,1.497885278255881
30,0.0,23.51020408163265,29.60612244897959,16,1.481209722700326
30,0.0,23.51020408163265,30.540816326530614,16,1.481209722700326
30,0.0,24.0,27.73673469387755,16,1.497885278255881
30,0.0,24.0,28.67142857142857,16,1.497885278255881
30,0.0,24.0,29.60612244897959,16,1.481209722700326
30,0.0,24.0,30.540816326530614,16,1.481209722700326
30,860.185918367347,23.51020408163265,27.73673469387755,16,1.497885278255881
30,860.185918367347,23.51020408163265,28.67142857142857,16,1.497885278255881
30,860.185918367347,23.51020408163265,29.60612244897959,16,1.481209722700326
30,860.185918367347,23.51020408163265,30.540816326530614,16,1.481209722700326
30,860.185918367347,24.0,27.73673469387755,16,1.497885278255881
30,860.185918367347,24.0,28.67142857142857,16,1.497885278255881
30,860.185918367347,24.0,29.60612244897959,16,1.481209722700326
30,860.185918367347,24.0,30.540816326530614,16,1.481209722700326
30,1720.371836734694,23.51020408163265,27.73673469387755,16,1.497885278255881
30,1720.371836734694,23.51020408163265,28.67142857142857,16,1.497885278255881
30,1720.371836734694,23.51020408163265,29.60612244897959,16,1.481209722700326
30,1720.371836734694,23.51020408163265,30.540816326530614,16,1.481209722700326
30,1720.371836734694,24.0,27.73673469387755,16,1.497885278255881
30,1720.371836734694,24.0,28.67142857142857,16,1.497885278255881
30,1720.371836734694,24.0,29.60612244897959,16,1.481209722700326
30,1720.371836734694,24.0,30.540816326530614,16,1.481209722700326
30,2580.557755102041,23.51020408163265,27.73673469387755,16,1.497885278255881
30,2580.557755102041,23.51020408163265,28.67142857142857,16,1.497885278255881
30,2580.557755102041,23.51020408163265,29.60612244897959,16,1.481209722700326
30,2580.557755102041,23.51020408163265,30.540816326530614,16,1.481209722700326
30,2580.557755102041,24.0,27.73673469387755,16,1.497885278255881
30,2580.557755102041,24.0,28.67142857142857,16,1.497885278255881
30,2580.557755102041,24.0,29.60612244897959,16,1.481209722700326
30,2580.557755102041,24.0,30.540816326530614,16,1.481209722700326
30,3440.743673469388,23.51020408163265,27.73673469387755,16,1.497885278255881
30,3440.743673469388,23.51020408163265,28.67142857142857,16,1.497885278255881
30,3440.743673469388,23.51020408163265,29.60612244897959,16,1.481209722700326
30,3440.743673469388,23.51020408163265,30.540816326530614,16,1.481209722700326
30,3440.743673469388,24.0,27.73673469387755,16,1.497885278255881
30,3440.743673469388,24.0,28.67142857142857,16,1.497885278255881
30,3440.743673469388,24.0,29.60612244897959,16,1.481209722700326
30,3440.743673469388,24.0,30.540816326530614,16,1.481209722700326
30,4300.929591836735,23.51020408163265,27.73673469387755,16,1.497885278255881
30,4300.929591836735,23.51020408163265,28.67142857142857,16,1.497885278255881
30,4300.929591836735,23.51020408163265,29.60612244897959,16,1.481209722700326
30,4300.929591836735,23.51020408163265,30.540816326530614,16,1.481209722700326
30,4300.929591836735,24.0,27.73673469387755,16,1.497885278255881
30,4300.929591836735,24.0,28.67142857142857,16,1.497885278255881
30,4300.929591836735,24.0,29.60612244897959,16,1.481209722700326
30,4300.929591836735,24.0,30.540816326530614,16,1.481209722700326
30,5161.115510204082,23.51020408163265,27.73673469387755,16,1.497885278255881
30,5161.115510204082,23.51020408163265,28.67142857142857,16,1.497885278255881
30,5161.115510204082,23.51020408163265,29.60612244897959,16,1.481209722700326
30,5161.115510204082,23.51020408163265,30.540816326530614,16,1.481209722700326
30,5161.115510204082,24.0,27.73673469387755,16,1.497885278255881
30,5161.115510204082,24.0,28.67142857142857,16,1.497885278255881
30,5161.115510204082,24.0,29.60612244897959,16,1.481209722700326
30,5161.115510204082,24.0,30.540816326530614,16,1.481209722700326
30,6021.301428571429,23.51020408163265,27.73673469387755,16,1.497885278255881
30,6021.301428571429,23.51020408163265,28.67142857142857,16,1.497885278255881
30,6021.301428571429,23.51020408163265,29.60612244897959,16,1.481209722700326
30,6021.301428571429,23.51020408163265,30.540816326530614,16,1.481209722700326
30,6021.301428571429,24.0,27.73673469387755,16,1.497885278255881
30,6021.301428571429,24.0,28.67142857142857,16,1.497885278255881
30,6021.301428571429,24.0,29.60612244897959,16,1.481209722700326
30,6021.301428571429,24.0,30.540816326530614,16,1.481209722700326
30,6881.487346938776,23.51020408163265,27.73673469387755,16,1.497885278255881
30,6881.487346938776,23.51020408163265,28.67142857142857,16,1.497885278255881
30,6881.487346938776,23.51020408163265,29.60612244897959,16,1.481209722700326
30,6881.487346938776,23.51020408163265,30.540816326530614,16,1.481209722700326
30,6881.487346938776,24.0,27.73673469387755,16,1.497885278255881
30,6881.487346938776,24.0,28.67142857142857,16,1.497885278255881
30,6881.487346938776,24.0,29.60612244897959,16,1.481209722700326
30,6881.487346938776,24.0,30.540816326530614,16,1.481209722700326
31,0.0,23.51020408163265,27.73673469387755,16,1.495618611589214
31,0.0,23.51020408163265,28.67142857142857,16,1.495618611589214
31,0.0,23.51020408163265,29.60612244897959,16,1.499343056033659
31,0.0,23.51020408163265,30.540816326530614,16,1.499343056033659
31,0.0,24.0,27.73673469387755,16,1.495618611589214
31,0.0,24.0,28.67142857142857,16,1.495618611589214
31,0.0,24.0,29.60612244897959,16,1.499343056033659
31,0.0,24.0,30.540816326530614,16,1.499343056033659
31,860.185918367347,23.51020408163265,27.73673469387755,16,1.495618611589214
31,860.185918367347,23.51020408163265,28.67142857142857,16,1.495618611589214
31,860.185918367347,23.51020408163265,29.60612244897959,16,1.499343056033659
31,860.185918367347,23.51020408163265,30.540816326530614,16,1.499343056033659
31,860.185918367347,24.0,27.73673469387755,16,1.495618611589214
31,860.185918367347,24.0,28.67142857142857,16,1.495618611589214
31,860.185918367347,24.0,29.60612244897959,16,1.499343056033659
31,860.185918367347,24.0,30.540816326530614,16,1.499343056033659
31,1720.371836734694,23.51020408163265,27.73673469387755,16,1.495618611589214
31,1720.371836734694,23.51020408163265,28.67142857142857,16,1.495618611589214
31,1720.371836734694,23.51020408163265,29.60612244897959,16,1.499343056033659
31,1720.371836734694,23.51020408163265,30.540816326530614,16,1.499343056033659
31,1720.371836734694,24.0,27.73673469387755,16,1.495618611589214
31,1720.371836734694,24.0,28.67142857142857,16,1.495618611589214
31,1720.371836734694,24.0,29.60612244897959,16,1.499343056033659
31,1720.371836734694,24.0,30.540816326530614,16,1.499343056033659
31,2580.557755102041,23.51020408163265,27.73673469387755,16,1.495618611589214
31,2580.557755102041,23.51020408163265,28.67142857142857,16,1.495618611589214
31,2580.557755102041,23.51020408163265,29.60612244897959,16,1.499343056033659
31,2580.557755102041,23.51020408163265,30.540816326530614,16,1.499343056033659
31,2580.557755102041,24.0,27.73673469387755,16,1.495618611589214
31,2580.557755102041,24.0,28.67142857142857,16,1.495618611589214
31,2580.557755102041,24.0,29.60612244897959,16,1.499343056033659
31,2580.557755102041,24.0,30.540816326530614,16,1.499343056033659
31,3440.743673469388,23.51020408163265,27.73673469387755,16,1.495618611589214
31,3440.743673469388,23.51020408163265,28.67142857142857,16,1.495618611589214
31,3440.743673469388,23.51020408163265,29.60612244897959,16,1.499343056033659
31,3440.743673469388,23.51020408163265,30.540816326530614,16,1.499343056033659
31,3440.743673469388,24.0,27.73673469387755,16,1.495618611589214
31,3440.743673469388,24.0,28.67142857142857,16,1.495618611589214
31,3440.743673469388,24.0,29.60612244897959,16,1.499343056033659
31,3440.743673469388,24.0,30.540816326530614,16,1.499343056033659
31,4300.929591836735,23.51020408163265,27.73673469387755,16,1.495618611589214
31,4300.929591836735,23.51020408163265,28.67142857142857,16,1.495618611589214
31,4300.929591836735,23.51020408163265,29.60612244897959,16,1.499343056033659
31,4300.929591836735,23.51020408163265,30.540816326530614,16,1.499343056033659
31,4300.929591836735,24.0,27.73673469387755,16,1.495618611589214
31,4300.929591836735,24.0,28.67142857142857,16,1.495618611589214
31,4300.929591836735,24.0,29.60612244897959,16,1.499343056033659
31,4300.929591836735,24.0,30.540816326530614,16,1.499343056033659
31,5161.115510204082,23.51020408163265,27.73673469387755,16,1.495618611589214
31,5161.115510204082,23.51020408163265,28.67142857142857,16,1.495618611589214
31,5161.115510204082,23.51020408163265,29.60612244897959,16,1.499343056033659
31,5161.115510204082,23.51020408163265,30.540816326530614,16,1.499343056033659
31,5161.115510204082,24.0,27.73673469387755,16,1.495618611589214
31,5161.115510204082,24.0,28.67142857142857,16,1.495618611589214
31,5161.115510204082,24.0,29.60612244897959,16,1.499343056033659
31,5161.115510204082,24.0,30.540816326530614,16,1.499343056033659
31,6021.301428571429,23.51020408163265,27.73673469387755,16,1.495618611589214
31,6021.301428571429,23.51020408163265,28.67142857142857,16,1.495618611589214
31,6021.301428571429,23.51020408163265,29.60612244897959,16,1.499343056033659
31,6021.301428571429,23.51020408163265,30.540816326530614,16,1.499343056033659
31,6021.301428571429,24.0,27.73673469387755,16,1.495618611589214
31,6021.301428571429,24.0,28.67142857142857,16,1.495618611589214
31,6021.301428571429,24.0,29.60612244897959,16,1.499343056033659
31,6021.301428571429,24.0,30.540816326530614,16,1.499343056033659
31,6881.487346938776,23.51020408163265,27.73673469387755,16,1.495618611589214
31,6881.487346938776,23.51020408163265,28.67142857142857,16,1.495618611589214
31,6881.487346938776,23.51020408163265,29.60612244897959,16,1.499343056033659
31,6881.487346938776,23.51020408163265,30.540816326530614,16,1.499343056033659
31,6881.487346938776,24.0,27.73673469387755,16,1.495618611589214
31,6881.487346938776,24.0,28.67142857142857,16,1.495618611589214
31,6881.487346938776,24.0,29.60612244897959,16,1.499343056033659
31,6881.487346938776,24.0,30.540816326530614,16,1.499343056033659
